customerID,gender,SeniorCitizen,Partner,Dependents,tenure,PhoneService,MultipleLines,InternetService,OnlineSecurity,OnlineBackup,DeviceProtection,TechSupport,StreamingTV,StreamingMovies,Contract,PaperlessBilling,PaymentMethod,MonthlyCharges,TotalCharges,Churn
CUST-00001,Male,1,Yes,Yes,45,Yes,Yes,Fiber optic,No,No,Yes,No,No,Yes,Month-to-month,No,Bank transfer (automatic),80.85,3580.65,No
CUST-00002,Female,0,No,No,28,Yes,Yes,Fiber optic,Yes,Yes,Yes,Yes,Yes,No,One year,Yes,Mailed check,97.62,2799.26,No
CUST-00003,Male,0,No,No,33,Yes,Yes,DSL,No,No,Yes,Yes,No,Yes,Two year,Yes,Credit card (automatic),63.3,2004.39,No
CUST-00004,Female,0,Yes,No,26,Yes,No,DSL,No,Yes,Yes,Yes,Yes,No,One year,No,Credit card (automatic),70.9,1848.79,No
CUST-00005,Male,0,No,No,34,Yes,No,Fiber optic,No,Yes,No,No,Yes,No,Month-to-month,No,Credit card (automatic),88.07,3066.12,Yes
CUST-00006,Female,1,Yes,No,46,No,No phone service,DSL,No,Yes,Yes,No,Yes,Yes,One year,No,Bank transfer (automatic),63.35,2902.48,No
CUST-00007,Male,1,No,No,10,Yes,Yes,Fiber optic,No,No,Yes,No,No,Yes,Month-to-month,Yes,Bank transfer (automatic),78.91,835.92,Yes
CUST-00008,Female,0,No,No,18,Yes,No,No,No internet service,No internet service,No internet service,No internet service,No internet service,No internet service,Month-to-month,No,Electronic check,25.0,463.84,Yes
CUST-00009,Male,0,Yes,Yes,55,Yes,No,DSL,Yes,Yes,Yes,No,No,No,One year,No,Electronic check,62.53,3443.82,No
CUST-00010,Male,0,Yes,No,68,No,No phone service,Fiber optic,Yes,Yes,Yes,No,Yes,No,Month-to-month,No,Electronic check,92.36,6032.9,Yes
CUST-00011,Male,0,Yes,No,15,Yes,Yes,No,No internet service,No internet service,No internet service,No internet service,No internet service,No internet service,Month-to-month,Yes,Electronic check,25.0,405.88,No
CUST-00012,Male,0,No,No,48,Yes,No,Fiber optic,No,No,No,No,Yes,Yes,Month-to-month,No,Mailed check,76.07,3811.15,No
CUST-00013,Male,1,Yes,No,58,Yes,No,No,No internet service,No internet service,No internet service,No internet service,No internet service,No internet service,Month-to-month,Yes,Credit card (automatic),25.0,1422.64,Yes
CUST-00014,Female,0,No,No,5,Yes,Yes,No,No internet service,No internet service,No internet service,No internet service,No internet service,No internet service,One year,Yes,Credit card (automatic),25.0,142.72,Yes
CUST-00015,Female,0,No,No,52,Yes,No,Fiber optic,No,No,Yes,Yes,No,No,Month-to-month,Yes,Mailed check,84.98,4636.88,Yes
CUST-00016,Female,1,No,No,13,Yes,Yes,Fiber optic,No,Yes,No,No,No,No,Two year,No,Electronic check,79.82,1045.13,Yes
CUST-00017,Male,0,No,No,26,Yes,No,Fiber optic,No,Yes,Yes,No,No,No,Two year,No,Electronic check,76.0,1951.18,No
CUST-00018,Male,0,Yes,No,45,Yes,No,Fiber optic,No,No,Yes,No,No,No,Two year,No,Mailed check,78.66,3580.66,No
CUST-00019,Male,0,No,No,19,Yes,No,No,No internet service,No internet service,No internet service,No internet service,No internet service,No internet service,Month-to-month,Yes,Mailed check,25.0,496.06,Yes
CUST-00020,Female,0,No,No,52,No,No phone service,Fiber optic,Yes,No,No,No,No,No,Month-to-month,Yes,Electronic check,66.03,3503.02,No
CUST-00021,Female,0,No,No,40,Yes,No,No,No internet service,No internet service,No internet service,No internet service,No internet service,No internet service,One year,Yes,Bank transfer (automatic),25.0,1014.76,No
CUST-00022,Male,0,No,Yes,55,Yes,No,Fiber optic,No,No,No,Yes,Yes,No,Month-to-month,No,Bank transfer (automatic),87.15,4961.23,Yes
CUST-00023,Male,0,Yes,No,40,Yes,Yes,Fiber optic,Yes,No,No,No,No,Yes,Month-to-month,Yes,Mailed check,81.42,3334.76,Yes
CUST-00024,Female,0,Yes,No,31,Yes,Yes,Fiber optic,Yes,Yes,Yes,No,No,Yes,Month-to-month,Yes,Mailed check,95.78,2882.91,Yes
CUST-00025,Male,0,No,No,43,Yes,Yes,Fiber optic,Yes,No,Yes,Yes,No,Yes,Two year,No,Electronic check,97.23,4169.06,No
CUST-00026,Female,0,Yes,No,7,Yes,Yes,DSL,No,No,No,Yes,Yes,Yes,Month-to-month,No,Electronic check,61.98,451.0,Yes
CUST-00027,Male,0,No,Yes,8,Yes,No,DSL,No,No,No,Yes,Yes,No,Month-to-month,Yes,Electronic check,57.74,484.41,Yes
CUST-00028,Female,0,No,No,40,No,No phone service,No,No internet service,No internet service,No internet service,No internet service,No internet service,No internet service,Month-to-month,Yes,Mailed check,20.0,787.78,Yes
CUST-00029,Female,0,No,No,40,Yes,No,Fiber optic,No,No,No,Yes,Yes,No,Two year,No,Bank transfer (automatic),80.94,3231.53,No
CUST-00030,Male,0,Yes,Yes,42,Yes,No,Fiber optic,No,No,Yes,Yes,No,No,Month-to-month,Yes,Electronic check,85.5,3699.66,No
CUST-00031,Female,0,Yes,No,26,Yes,Yes,No,No internet service,No internet service,No internet service,No internet service,No internet service,No internet service,Two year,No,Mailed check,25.0,647.64,No
CUST-00032,Male,0,Yes,No,33,Yes,Yes,Fiber optic,No,No,Yes,No,No,No,One year,No,Credit card (automatic),74.07,2512.96,Yes
CUST-00033,Male,0,No,No,11,Yes,Yes,DSL,Yes,Yes,No,Yes,Yes,No,Month-to-month,Yes,Electronic check,70.24,764.71,Yes
CUST-00034,Female,0,No,No,24,Yes,Yes,DSL,No,No,Yes,No,No,No,Month-to-month,Yes,Credit card (automatic),51.05,1246.99,Yes
CUST-00035,Female,0,No,No,28,Yes,No,Fiber optic,Yes,Yes,No,Yes,No,Yes,Month-to-month,Yes,Electronic check,97.01,2825.85,Yes
CUST-00036,Male,0,No,No,52,No,No phone service,DSL,No,No,No,No,No,Yes,Two year,No,Electronic check,46.04,2448.9,No
CUST-00037,Female,1,Yes,Yes,9,Yes,Yes,DSL,No,Yes,No,No,No,No,Two year,Yes,Bank transfer (automatic),48.59,429.56,No
CUST-00038,Male,0,Yes,No,42,Yes,Yes,No,No internet service,No internet service,No internet service,No internet service,No internet service,No internet service,Two year,Yes,Bank transfer (automatic),25.0,1100.48,No
CUST-00039,Male,1,No,No,22,Yes,Yes,DSL,Yes,Yes,Yes,No,Yes,Yes,Two year,No,Electronic check,72.9,1615.55,No
CUST-00040,Male,0,Yes,No,53,Yes,No,Fiber optic,Yes,Yes,No,Yes,Yes,No,Month-to-month,Yes,Electronic check,97.7,5299.64,No
CUST-00041,Male,0,No,No,49,Yes,Yes,Fiber optic,Yes,No,No,No,Yes,Yes,Two year,No,Bank transfer (automatic),92.6,4520.75,No
CUST-00042,Female,0,No,No,56,Yes,No,Fiber optic,No,No,No,No,No,Yes,Month-to-month,No,Credit card (automatic),72.4,4142.76,Yes
CUST-00043,Male,0,Yes,Yes,31,Yes,Yes,Fiber optic,Yes,No,No,Yes,No,No,One year,Yes,Electronic check,82.72,2522.31,No
CUST-00044,Male,0,No,Yes,9,Yes,No,DSL,Yes,No,Yes,No,No,Yes,Month-to-month,Yes,Bank transfer (automatic),60.02,544.45,Yes
CUST-00045,Female,1,Yes,No,32,Yes,Yes,DSL,Yes,No,Yes,No,No,Yes,Month-to-month,No,Credit card (automatic),61.21,1993.98,Yes
CUST-00046,Female,0,No,No,33,Yes,No,No,No internet service,No internet service,No internet service,No internet service,No internet service,No internet service,Month-to-month,Yes,Bank transfer (automatic),25.0,861.28,Yes
CUST-00047,Female,0,Yes,No,3,Yes,No,Fiber optic,No,No,No,No,Yes,No,Month-to-month,Yes,Electronic check,73.63,231.72,Yes
CUST-00048,Male,0,No,No,24,Yes,Yes,Fiber optic,No,No,Yes,No,No,No,Month-to-month,Yes,Electronic check,79.3,1880.2,Yes
CUST-00049,Male,0,Yes,No,32,Yes,No,Fiber optic,No,Yes,Yes,Yes,No,No,One year,Yes,Electronic check,84.64,2816.92,Yes
CUST-00050,Male,0,Yes,Yes,62,Yes,No,No,No internet service,No internet service,No internet service,No internet service,No internet service,No internet service,One year,No,Electronic check,25.0,1528.88,No
CUST-00051,Male,0,No,No,33,Yes,Yes,No,No internet service,No internet service,No internet service,No internet service,No internet service,No internet service,Two year,Yes,Bank transfer (automatic),25.0,866.96,No
CUST-00052,Male,0,No,No,39,Yes,No,DSL,Yes,No,Yes,Yes,No,No,Month-to-month,No,Credit card (automatic),62.08,2347.78,Yes
CUST-00053,Male,1,Yes,Yes,37,Yes,Yes,Fiber optic,No,No,No,No,No,No,Month-to-month,Yes,Electronic check,68.53,2557.27,Yes
CUST-00054,Female,1,No,No,20,Yes,Yes,DSL,No,No,No,No,Yes,Yes,Month-to-month,Yes,Credit card (automatic),56.03,1155.13,Yes
CUST-00055,Female,1,Yes,No,11,Yes,No,Fiber optic,Yes,No,Yes,No,No,Yes,Month-to-month,Yes,Credit card (automatic),85.38,972.44,Yes
CUST-00056,Female,0,No,No,16,Yes,Yes,Fiber optic,Yes,No,Yes,No,Yes,No,One year,No,Electronic check,90.75,1520.6,No
CUST-00057,Male,1,Yes,No,54,Yes,Yes,Fiber optic,Yes,Yes,Yes,Yes,No,Yes,Month-to-month,Yes,Mailed check,103.83,5735.55,Yes
CUST-00058,Male,0,No,No,12,Yes,No,No,No internet service,No internet service,No internet service,No internet service,No internet service,No internet service,Month-to-month,No,Bank transfer (automatic),25.0,318.99,Yes
CUST-00059,Male,0,No,No,37,Yes,No,Fiber optic,Yes,Yes,Yes,No,No,Yes,Month-to-month,No,Bank transfer (automatic),95.95,3678.16,Yes
CUST-00060,Male,0,No,No,54,Yes,No,Fiber optic,Yes,No,No,No,No,No,Month-to-month,No,Electronic check,72.02,3931.96,Yes
CUST-00061,Male,0,No,No,54,Yes,Yes,Fiber optic,No,Yes,No,No,No,No,Month-to-month,Yes,Mailed check,75.89,4089.67,Yes
CUST-00062,Female,0,No,No,38,Yes,No,No,No internet service,No internet service,No internet service,No internet service,No internet service,No internet service,Month-to-month,Yes,Electronic check,25.0,949.0,No
CUST-00063,Male,1,No,No,36,Yes,No,No,No internet service,No internet service,No internet service,No internet service,No internet service,No internet service,Month-to-month,Yes,Mailed check,25.0,910.22,Yes
CUST-00064,Female,0,Yes,No,26,Yes,No,Fiber optic,No,Yes,Yes,Yes,No,No,Two year,No,Mailed check,87.34,2331.17,No
CUST-00065,Female,0,Yes,No,13,Yes,No,DSL,No,No,No,No,No,Yes,One year,No,Bank transfer (automatic),51.64,684.08,Yes
CUST-00066,Male,0,Yes,No,13,Yes,No,Fiber optic,No,No,No,No,No,No,Two year,Yes,Bank transfer (automatic),71.76,980.79,No
CUST-00067,Female,0,Yes,No,24,Yes,Yes,Fiber optic,No,No,Yes,Yes,No,Yes,Month-to-month,No,Credit card (automatic),92.08,2264.17,Yes
CUST-00068,Female,0,No,No,52,No,No phone service,DSL,Yes,Yes,Yes,Yes,No,No,Month-to-month,Yes,Credit card (automatic),67.54,3580.07,No
CUST-00069,Male,0,Yes,No,46,No,No phone service,No,No internet service,No internet service,No internet service,No internet service,No internet service,No internet service,Month-to-month,Yes,Mailed check,20.0,979.41,No
CUST-00070,Male,0,No,No,18,Yes,Yes,DSL,No,Yes,No,No,No,Yes,Two year,Yes,Electronic check,57.26,1053.09,No
CUST-00071,Female,0,Yes,Yes,31,Yes,No,No,No internet service,No internet service,No internet service,No internet service,No internet service,No internet service,One year,Yes,Bank transfer (automatic),25.0,791.18,No
CUST-00072,Female,0,No,No,39,No,No phone service,DSL,No,No,No,No,No,No,Month-to-month,No,Credit card (automatic),41.95,1692.5,No
CUST-00073,Female,0,Yes,No,10,Yes,No,Fiber optic,No,No,No,Yes,Yes,Yes,Two year,Yes,Bank transfer (automatic),86.07,822.28,No
CUST-00074,Male,0,Yes,No,37,Yes,No,No,No internet service,No internet service,No internet service,No internet service,No internet service,No internet service,One year,Yes,Credit card (automatic),25.0,915.27,No
CUST-00075,Male,0,Yes,Yes,23,Yes,No,DSL,No,No,No,Yes,Yes,Yes,Month-to-month,No,Bank transfer (automatic),62.66,1496.8,Yes
CUST-00076,Male,0,No,No,18,Yes,No,No,No internet service,No internet service,No internet service,No internet service,No internet service,No internet service,Month-to-month,Yes,Bank transfer (automatic),25.0,478.63,No
CUST-00077,Male,0,Yes,No,49,Yes,No,DSL,No,No,No,No,Yes,Yes,One year,Yes,Electronic check,55.36,2703.76,No
CUST-00078,Male,0,Yes,No,11,Yes,No,DSL,Yes,Yes,No,No,No,Yes,Two year,Yes,Credit card (automatic),61.06,702.82,No
CUST-00079,Male,0,Yes,No,15,Yes,No,No,No internet service,No internet service,No internet service,No internet service,No internet service,No internet service,Month-to-month,No,Bank transfer (automatic),25.0,372.32,Yes
CUST-00080,Male,0,Yes,No,42,Yes,No,Fiber optic,No,Yes,No,No,No,No,Month-to-month,Yes,Bank transfer (automatic),73.08,3087.33,No
CUST-00081,Male,0,No,Yes,52,Yes,No,DSL,No,No,Yes,No,Yes,Yes,Month-to-month,No,Bank transfer (automatic),62.24,3382.38,No
CUST-00082,Male,0,No,No,23,Yes,No,No,No internet service,No internet service,No internet service,No internet service,No internet service,No internet service,One year,No,Bank transfer (automatic),25.0,610.79,No
CUST-00083,Female,1,Yes,Yes,19,Yes,Yes,DSL,Yes,No,No,No,Yes,Yes,Two year,No,Credit card (automatic),62.49,1253.84,No
CUST-00084,Female,0,Yes,No,26,Yes,No,Fiber optic,Yes,No,Yes,Yes,Yes,Yes,Month-to-month,No,Bank transfer (automatic),103.61,2631.69,Yes
CUST-00085,Female,1,No,No,10,Yes,Yes,DSL,No,Yes,Yes,Yes,No,No,Month-to-month,Yes,Electronic check,60.19,600.83,Yes
CUST-00086,Male,0,Yes,No,12,Yes,Yes,Fiber optic,Yes,Yes,No,No,Yes,Yes,Month-to-month,Yes,Credit card (automatic),92.68,1164.44,Yes
CUST-00087,Female,0,No,No,20,Yes,Yes,No,No internet service,No internet service,No internet service,No internet service,No internet service,No internet service,One year,Yes,Credit card (automatic),25.0,511.89,No
CUST-00088,Male,0,No,No,30,Yes,Yes,No,No internet service,No internet service,No internet service,No internet service,No internet service,No internet service,One year,Yes,Bank transfer (automatic),25.0,743.82,No
CUST-00089,Male,0,No,No,59,Yes,No,No,No internet service,No internet service,No internet service,No internet service,No internet service,No internet service,One year,Yes,Electronic check,25.0,1502.62,No
CUST-00090,Female,0,Yes,No,15,Yes,No,Fiber optic,No,Yes,No,No,Yes,No,Month-to-month,Yes,Credit card (automatic),83.07,1291.89,Yes
CUST-00091,Female,0,Yes,No,8,Yes,Yes,No,No internet service,No internet service,No internet service,No internet service,No internet service,No internet service,Month-to-month,Yes,Bank transfer (automatic),25.0,213.81,Yes
CUST-00092,Female,0,No,No,37,Yes,No,Fiber optic,No,Yes,Yes,No,No,No,Two year,Yes,Mailed check,78.79,2906.4,No
CUST-00093,Male,0,Yes,Yes,23,Yes,No,Fiber optic,No,No,No,Yes,Yes,Yes,One year,Yes,Credit card (automatic),92.4,2068.09,No
CUST-00094,Female,0,Yes,No,59,Yes,Yes,DSL,No,No,No,No,Yes,Yes,Month-to-month,No,Credit card (automatic),55.66,3366.78,Yes
CUST-00095,Male,0,No,No,25,Yes,No,DSL,No,No,No,Yes,Yes,Yes,One year,Yes,Electronic check,60.68,1553.74,No
CUST-00096,Male,1,No,No,5,Yes,Yes,DSL,No,No,Yes,No,No,Yes,Month-to-month,Yes,Credit card (automatic),59.22,319.41,Yes
CUST-00097,Male,0,No,Yes,27,Yes,Yes,No,No internet service,No internet service,No internet service,No internet service,No internet service,No internet service,Two year,Yes,Bank transfer (automatic),25.0,667.11,No
CUST-00098,Male,1,No,No,7,No,No phone service,Fiber optic,No,No,Yes,No,No,Yes,Two year,Yes,Electronic check,77.45,563.48,Yes
CUST-00099,Male,0,Yes,No,8,Yes,Yes,Fiber optic,No,No,Yes,Yes,No,Yes,Two year,No,Bank transfer (automatic),85.0,659.58,No
CUST-00100,Male,0,No,No,32,Yes,No,Fiber optic,Yes,No,Yes,No,No,Yes,One year,No,Electronic check,92.22,2866.99,No
CUST-00101,Male,0,Yes,No,18,Yes,No,Fiber optic,No,Yes,Yes,Yes,Yes,Yes,Month-to-month,No,Mailed check,100.23,1830.63,Yes
CUST-00102,Male,0,Yes,No,28,No,No phone service,Fiber optic,Yes,Yes,No,Yes,No,Yes,Month-to-month,No,Bank transfer (automatic),80.39,2226.76,Yes
CUST-00103,Female,1,No,No,7,Yes,No,Fiber optic,No,No,No,No,Yes,Yes,One year,Yes,Bank transfer (automatic),77.5,567.08,Yes
CUST-00104,Male,0,No,Yes,41,Yes,No,No,No internet service,No internet service,No internet service,No internet service,No internet service,No internet service,Month-to-month,Yes,Electronic check,25.0,1043.82,No
CUST-00105,Male,0,Yes,No,26,Yes,Yes,DSL,No,No,No,No,No,Yes,Month-to-month,No,Bank transfer (automatic),47.5,1228.55,No
CUST-00106,Male,0,Yes,No,63,Yes,No,Fiber optic,No,Yes,No,No,No,No,Month-to-month,Yes,Credit card (automatic),70.23,4278.74,No
CUST-00107,Female,0,Yes,Yes,53,Yes,No,Fiber optic,Yes,No,Yes,Yes,No,Yes,Month-to-month,Yes,Mailed check,96.14,5258.24,No
CUST-00108,Male,0,Yes,Yes,18,Yes,Yes,No,No internet service,No internet service,No internet service,No internet service,No internet service,No internet service,Month-to-month,Yes,Bank transfer (automatic),25.0,447.98,Yes
CUST-00109,Male,1,No,No,11,No,No phone service,Fiber optic,Yes,No,Yes,No,No,Yes,Month-to-month,No,Credit card (automatic),80.89,898.33,Yes
CUST-00110,Female,0,Yes,Yes,50,Yes,No,DSL,Yes,Yes,Yes,Yes,No,No,Month-to-month,No,Credit card (automatic),73.47,3686.13,No
CUST-00111,Male,1,No,Yes,52,Yes,Yes,DSL,No,No,No,No,No,No,Month-to-month,No,Mailed check,47.61,2600.89,Yes
CUST-00112,Female,0,Yes,No,33,Yes,Yes,DSL,No,Yes,No,Yes,Yes,No,Month-to-month,No,Credit card (automatic),62.04,2120.42,No
CUST-00113,Female,0,No,No,24,Yes,No,DSL,No,No,Yes,No,No,Yes,Month-to-month,No,Electronic check,53.88,1319.55,Yes
CUST-00114,Male,0,No,No,10,Yes,Yes,DSL,No,No,No,No,Yes,Yes,Two year,Yes,Electronic check,52.2,553.52,No
CUST-00115,Female,0,Yes,No,35,Yes,Yes,Fiber optic,Yes,Yes,Yes,No,Yes,Yes,Month-to-month,No,Credit card (automatic),103.05,3654.14,Yes
CUST-00116,Male,0,No,No,40,Yes,Yes,Fiber optic,Yes,Yes,No,No,No,Yes,Month-to-month,Yes,Bank transfer (automatic),92.27,3697.97,Yes
CUST-00117,Female,0,No,No,29,Yes,No,DSL,Yes,Yes,No,No,No,No,Month-to-month,No,Credit card (automatic),58.12,1698.87,Yes
CUST-00118,Male,0,No,No,56,No,No phone service,No,No internet service,No internet service,No internet service,No internet service,No internet service,No internet service,Month-to-month,No,Electronic check,20.0,1131.18,No
CUST-00119,Male,0,Yes,No,31,Yes,No,No,No internet service,No internet service,No internet service,No internet service,No internet service,No internet service,Month-to-month,Yes,Mailed check,25.0,771.33,No
CUST-00120,Male,0,No,No,25,Yes,Yes,Fiber optic,Yes,Yes,No,No,Yes,No,Month-to-month,Yes,Electronic check,91.81,2374.16,Yes
CUST-00121,Male,0,Yes,No,49,Yes,No,DSL,No,No,No,No,Yes,No,One year,Yes,Bank transfer (automatic),51.54,2542.97,No
CUST-00122,Male,0,Yes,No,19,Yes,No,DSL,Yes,No,No,Yes,Yes,No,Month-to-month,No,Bank transfer (automatic),60.2,1214.12,No
CUST-00123,Female,0,No,No,44,No,No phone service,Fiber optic,No,No,Yes,No,No,No,Month-to-month,Yes,Electronic check,71.7,3181.6,No
CUST-00124,Female,0,No,No,46,Yes,No,DSL,No,Yes,No,Yes,Yes,No,Month-to-month,No,Mailed check,58.57,2657.29,No
CUST-00125,Male,0,No,No,45,Yes,No,Fiber optic,No,No,No,No,No,No,One year,No,Electronic check,67.23,3146.13,Yes
CUST-00126,Female,0,Yes,Yes,32,Yes,No,DSL,No,No,Yes,No,Yes,No,Month-to-month,No,Credit card (automatic),55.03,1693.8,Yes
CUST-00127,Male,1,Yes,No,14,Yes,Yes,Fiber optic,No,No,Yes,Yes,Yes,Yes,Month-to-month,Yes,Credit card (automatic),91.89,1269.01,Yes
CUST-00128,Male,1,Yes,No,27,No,No phone service,DSL,No,No,Yes,No,No,Yes,One year,Yes,Credit card (automatic),48.37,1271.0,No
CUST-00129,Female,0,No,No,25,Yes,Yes,DSL,No,Yes,No,No,No,Yes,One year,No,Mailed check,57.98,1461.35,No
CUST-00130,Male,0,Yes,Yes,25,Yes,Yes,DSL,No,No,No,No,Yes,No,Month-to-month,No,Bank transfer (automatic),52.65,1286.2,No
CUST-00131,Female,0,No,No,23,No,No phone service,No,No internet service,No internet service,No internet service,No internet service,No internet service,No internet service,Month-to-month,Yes,Bank transfer (automatic),20.0,461.0,Yes
CUST-00132,Female,0,Yes,No,49,Yes,Yes,Fiber optic,No,Yes,No,No,No,Yes,Two year,No,Electronic check,78.34,3781.44,No
CUST-00133,Male,0,No,No,52,Yes,Yes,DSL,No,No,No,Yes,No,Yes,Month-to-month,No,Credit card (automatic),57.48,2930.92,Yes
CUST-00134,Female,0,Yes,No,60,Yes,No,DSL,Yes,Yes,No,No,Yes,No,One year,Yes,Bank transfer (automatic),62.26,3729.79,No
CUST-00135,Female,0,Yes,No,8,Yes,Yes,Fiber optic,Yes,Yes,No,No,Yes,No,Month-to-month,Yes,Credit card (automatic),88.75,690.44,Yes
CUST-00136,Male,0,Yes,No,56,Yes,No,Fiber optic,Yes,No,No,Yes,Yes,No,Two year,No,Mailed check,91.48,5026.17,No
CUST-00137,Male,1,No,No,29,Yes,Yes,Fiber optic,No,No,No,Yes,No,No,One year,Yes,Bank transfer (automatic),78.21,2338.48,No
CUST-00138,Female,0,No,No,50,Yes,Yes,No,No internet service,No internet service,No internet service,No internet service,No internet service,No internet service,One year,Yes,Credit card (automatic),25.0,1223.82,No
CUST-00139,Male,0,No,No,53,No,No phone service,Fiber optic,No,Yes,No,Yes,Yes,No,Two year,No,Credit card (automatic),89.35,4867.29,No
CUST-00140,Male,0,Yes,No,14,Yes,No,Fiber optic,Yes,Yes,No,Yes,Yes,Yes,Month-to-month,Yes,Credit card (automatic),102.63,1415.05,Yes
CUST-00141,Male,0,No,Yes,22,Yes,No,Fiber optic,No,No,Yes,No,No,No,Month-to-month,No,Bank transfer (automatic),81.32,1775.32,Yes
CUST-00142,Female,1,No,No,31,Yes,Yes,DSL,No,No,No,No,Yes,No,One year,Yes,Bank transfer (automatic),51.84,1677.44,No
CUST-00143,Male,0,Yes,No,49,Yes,Yes,Fiber optic,No,No,No,Yes,No,No,One year,No,Bank transfer (automatic),78.9,3945.21,No
CUST-00144,Female,0,Yes,No,55,Yes,No,Fiber optic,Yes,No,Yes,No,No,No,Month-to-month,No,Credit card (automatic),77.18,4061.84,No
CUST-00145,Male,0,No,No,18,Yes,Yes,DSL,Yes,No,No,No,No,No,Month-to-month,Yes,Bank transfer (automatic),48.01,843.97,Yes
CUST-00146,Male,0,Yes,Yes,8,Yes,No,Fiber optic,No,No,Yes,Yes,No,No,One year,No,Electronic check,80.64,652.73,No
CUST-00147,Male,0,No,No,31,Yes,No,Fiber optic,No,No,No,No,No,Yes,One year,Yes,Credit card (automatic),77.5,2404.23,No
CUST-00148,Male,0,No,No,15,No,No phone service,Fiber optic,No,No,Yes,Yes,No,Yes,Two year,Yes,Electronic check,81.02,1210.72,No
CUST-00149,Female,0,Yes,No,18,Yes,No,Fiber optic,No,Yes,No,No,No,No,Two year,Yes,Electronic check,70.96,1299.84,No
CUST-00150,Male,0,Yes,No,11,Yes,Yes,Fiber optic,No,Yes,No,No,Yes,Yes,One year,No,Mailed check,91.0,1040.25,Yes
CUST-00151,Female,0,Yes,No,28,Yes,No,DSL,Yes,No,Yes,Yes,No,No,One year,Yes,Electronic check,59.1,1711.84,No
CUST-00152,Male,0,No,Yes,12,Yes,No,No,No internet service,No internet service,No internet service,No internet service,No internet service,No internet service,Month-to-month,Yes,Credit card (automatic),25.0,328.98,No
CUST-00153,Female,0,Yes,No,23,Yes,Yes,Fiber optic,Yes,No,No,Yes,Yes,Yes,One year,No,Electronic check,96.53,2285.06,No
CUST-00154,Female,0,No,No,38,Yes,No,DSL,No,Yes,No,No,No,No,Two year,No,Electronic check,50.88,2008.75,No
CUST-00155,Male,1,Yes,Yes,5,Yes,No,No,No internet service,No internet service,No internet service,No internet service,No internet service,No internet service,One year,Yes,Electronic check,25.0,143.04,Yes
CUST-00156,Male,0,No,No,57,Yes,Yes,Fiber optic,Yes,No,No,No,No,No,Month-to-month,Yes,Mailed check,78.06,4664.55,Yes
CUST-00157,Male,0,Yes,Yes,11,Yes,No,No,No internet service,No internet service,No internet service,No internet service,No internet service,No internet service,Two year,No,Bank transfer (automatic),25.0,297.57,No
CUST-00158,Female,0,No,No,13,Yes,No,Fiber optic,Yes,Yes,No,No,Yes,No,Month-to-month,Yes,Electronic check,85.2,1159.06,Yes
CUST-00159,Male,0,Yes,Yes,33,Yes,No,Fiber optic,No,No,Yes,No,No,No,Two year,No,Credit card (automatic),79.65,2774.09,No
CUST-00160,Male,1,No,No,36,Yes,No,No,No internet service,No internet service,No internet service,No internet service,No internet service,No internet service,Month-to-month,No,Electronic check,25.0,885.59,No
CUST-00161,Female,0,Yes,Yes,17,Yes,No,Fiber optic,No,No,No,No,No,No,Month-to-month,No,Electronic check,73.0,1280.06,Yes
CUST-00162,Male,0,No,No,49,Yes,Yes,Fiber optic,No,No,No,No,Yes,Yes,One year,Yes,Credit card (automatic),76.14,3887.18,No
CUST-00163,Male,0,Yes,No,32,No,No phone service,Fiber optic,No,No,No,No,No,Yes,One year,No,Electronic check,68.69,2245.92,Yes
CUST-00164,Female,0,No,No,46,Yes,No,DSL,No,Yes,No,Yes,No,No,Month-to-month,Yes,Credit card (automatic),57.54,2679.79,Yes
CUST-00165,Male,0,Yes,No,41,Yes,No,DSL,No,Yes,No,No,No,Yes,Two year,No,Bank transfer (automatic),58.16,2424.02,No
CUST-00166,Male,0,Yes,Yes,53,No,No phone service,No,No internet service,No internet service,No internet service,No internet service,No internet service,No internet service,Month-to-month,Yes,Electronic check,20.0,1058.48,Yes
CUST-00167,Female,0,No,No,14,Yes,No,DSL,No,No,No,Yes,No,No,Month-to-month,Yes,Electronic check,46.96,640.93,No
CUST-00168,Female,0,Yes,Yes,51,Yes,Yes,Fiber optic,No,Yes,Yes,No,No,No,One year,No,Electronic check,85.47,4480.55,Yes
CUST-00169,Female,0,No,No,46,Yes,No,No,No internet service,No internet service,No internet service,No internet service,No internet service,No internet service,Month-to-month,Yes,Electronic check,25.0,1165.7,Yes
CUST-00170,Female,0,Yes,No,7,Yes,Yes,Fiber optic,No,No,No,No,Yes,No,Two year,Yes,Mailed check,77.21,581.04,No
CUST-00171,Male,0,No,No,9,Yes,No,Fiber optic,No,Yes,No,No,No,Yes,Two year,No,Electronic check,79.19,713.32,No
CUST-00172,Male,0,Yes,No,21,Yes,Yes,No,No internet service,No internet service,No internet service,No internet service,No internet service,No internet service,One year,No,Electronic check,25.0,521.42,No
CUST-00173,Female,0,Yes,Yes,47,Yes,Yes,No,No internet service,No internet service,No internet service,No internet service,No internet service,No internet service,Month-to-month,Yes,Electronic check,25.0,1132.82,No
CUST-00174,Female,1,Yes,No,1,Yes,Yes,Fiber optic,No,No,No,No,Yes,No,Two year,Yes,Bank transfer (automatic),77.66,85.84,Yes
CUST-00175,Female,0,No,No,26,Yes,No,Fiber optic,No,No,Yes,Yes,Yes,Yes,Month-to-month,Yes,Credit card (automatic),93.36,2411.51,No
CUST-00176,Male,0,Yes,No,24,Yes,No,DSL,Yes,No,No,Yes,No,No,Month-to-month,No,Electronic check,52.2,1247.79,No
CUST-00177,Male,0,No,No,8,Yes,Yes,Fiber optic,No,Yes,No,No,No,No,Two year,Yes,Credit card (automatic),77.06,608.49,No
CUST-00178,Male,0,No,Yes,28,Yes,No,DSL,No,No,No,Yes,No,No,One year,Yes,Electronic check,51.84,1463.76,No
CUST-00179,Male,0,No,No,23,Yes,No,DSL,No,No,Yes,No,Yes,Yes,Month-to-month,Yes,Bank transfer (automatic),63.98,1528.56,No
CUST-00180,Male,0,Yes,No,4,Yes,No,DSL,Yes,No,Yes,No,No,Yes,Month-to-month,No,Electronic check,61.01,254.55,Yes
CUST-00181,Male,1,No,No,7,Yes,Yes,Fiber optic,No,No,No,Yes,No,Yes,Month-to-month,Yes,Bank transfer (automatic),77.34,550.6,Yes
CUST-00182,Male,0,No,No,49,Yes,No,DSL,No,No,Yes,Yes,Yes,No,One year,No,Electronic check,60.8,3085.86,No
CUST-00183,Male,0,No,No,52,Yes,No,Fiber optic,Yes,Yes,Yes,No,No,Yes,Month-to-month,No,Credit card (automatic),92.21,4587.45,No
CUST-00184,Male,0,Yes,Yes,19,Yes,Yes,Fiber optic,No,Yes,Yes,No,No,No,Month-to-month,No,Electronic check,81.34,1514.65,Yes
CUST-00185,Female,0,No,No,30,Yes,No,No,No internet service,No internet service,No internet service,No internet service,No internet service,No internet service,Month-to-month,No,Bank transfer (automatic),25.0,717.57,No
CUST-00186,Male,0,Yes,No,27,Yes,No,Fiber optic,No,No,No,Yes,No,Yes,Month-to-month,No,Mailed check,83.79,2375.31,Yes
CUST-00187,Female,1,Yes,No,65,Yes,No,Fiber optic,Yes,No,No,Yes,No,No,One year,No,Bank transfer (automatic),76.98,4845.72,No
CUST-00188,Male,0,Yes,No,16,Yes,Yes,DSL,No,Yes,No,No,No,Yes,One year,No,Electronic check,57.08,886.87,No
CUST-00189,Male,1,Yes,No,3,Yes,Yes,No,No internet service,No internet service,No internet service,No internet service,No internet service,No internet service,Month-to-month,Yes,Bank transfer (automatic),25.0,89.66,No
CUST-00190,Male,0,No,No,7,Yes,Yes,Fiber optic,No,Yes,No,Yes,Yes,Yes,Two year,Yes,Electronic check,95.99,694.73,No
CUST-00191,Female,0,No,No,30,Yes,Yes,DSL,Yes,No,No,No,Yes,No,Two year,Yes,Electronic check,56.17,1722.6,No
CUST-00192,Female,0,Yes,Yes,30,Yes,Yes,DSL,No,No,No,No,No,No,Month-to-month,No,Bank transfer (automatic),44.01,1366.07,No
CUST-00193,Female,0,No,No,4,Yes,No,DSL,Yes,Yes,No,Yes,No,Yes,Two year,Yes,Credit card (automatic),67.55,287.82,No
CUST-00194,Female,0,Yes,Yes,15,Yes,No,DSL,No,Yes,Yes,No,Yes,No,Two year,Yes,Credit card (automatic),60.39,877.27,No
CUST-00195,Male,0,No,No,66,Yes,Yes,DSL,No,No,No,Yes,Yes,Yes,One year,No,Bank transfer (automatic),60.07,4156.44,No
CUST-00196,Female,0,Yes,No,8,Yes,No,Fiber optic,No,No,No,No,Yes,No,Month-to-month,No,Bank transfer (automatic),78.23,651.16,No
CUST-00197,Female,1,Yes,No,49,Yes,Yes,DSL,No,Yes,Yes,No,No,Yes,Two year,Yes,Bank transfer (automatic),61.96,3054.51,No
CUST-00198,Female,0,Yes,Yes,42,Yes,Yes,No,No internet service,No internet service,No internet service,No internet service,No internet service,No internet service,Month-to-month,No,Electronic check,25.0,1082.6,No
CUST-00199,Male,0,Yes,No,6,Yes,No,Fiber optic,No,No,No,Yes,Yes,Yes,Month-to-month,Yes,Mailed check,87.55,547.26,No
CUST-00200,Female,0,No,No,33,No,No phone service,DSL,No,Yes,No,No,Yes,Yes,Two year,Yes,Mailed check,59.51,1955.33,No
CUST-00201,Female,0,Yes,No,15,No,No phone service,Fiber optic,Yes,Yes,No,No,No,No,Two year,No,Bank transfer (automatic),77.52,1153.91,Yes
CUST-00202,Female,0,Yes,No,31,Yes,No,Fiber optic,No,Yes,No,No,No,No,One year,Yes,Electronic check,78.25,2433.9,Yes
CUST-00203,Female,0,No,No,3,Yes,No,DSL,No,Yes,No,Yes,No,No,Two year,Yes,Bank transfer (automatic),54.81,166.72,No
CUST-00204,Female,1,Yes,No,28,Yes,No,DSL,No,No,Yes,Yes,Yes,No,Two year,Yes,Mailed check,65.76,1870.83,No
CUST-00205,Female,0,Yes,Yes,16,Yes,No,Fiber optic,Yes,No,Yes,No,No,No,Month-to-month,No,Bank transfer (automatic),79.63,1340.84,No
CUST-00206,Female,0,No,No,27,Yes,No,Fiber optic,No,Yes,Yes,Yes,Yes,Yes,One year,Yes,Bank transfer (automatic),95.27,2614.38,No
CUST-00207,Male,0,Yes,No,8,Yes,No,No,No internet service,No internet service,No internet service,No internet service,No internet service,No internet service,Month-to-month,Yes,Mailed check,25.0,223.47,Yes
CUST-00208,Male,0,Yes,No,15,Yes,No,DSL,No,Yes,No,Yes,Yes,Yes,One year,No,Credit card (automatic),62.87,935.75,No
CUST-00209,Male,0,No,No,16,No,No phone service,DSL,No,No,No,No,Yes,No,Month-to-month,Yes,Bank transfer (automatic),47.12,775.75,Yes
CUST-00210,Female,0,Yes,Yes,18,Yes,No,Fiber optic,No,Yes,Yes,No,No,No,One year,Yes,Bank transfer (automatic),81.55,1480.38,Yes
CUST-00211,Male,0,Yes,No,21,Yes,Yes,Fiber optic,No,No,Yes,No,Yes,No,Month-to-month,No,Credit card (automatic),79.76,1618.27,Yes
CUST-00212,Male,1,Yes,No,52,Yes,No,Fiber optic,Yes,Yes,Yes,Yes,Yes,No,One year,Yes,Mailed check,96.18,4942.56,Yes
CUST-00213,Male,0,Yes,No,39,Yes,No,Fiber optic,No,Yes,Yes,No,No,No,One year,No,Mailed check,74.46,2914.62,No
CUST-00214,Male,0,No,No,25,Yes,Yes,Fiber optic,No,No,No,Yes,Yes,No,Month-to-month,Yes,Electronic check,79.37,1984.9,No
CUST-00215,Female,0,Yes,Yes,29,Yes,No,Fiber optic,Yes,No,Yes,No,No,Yes,Month-to-month,Yes,Electronic check,83.88,2347.23,No
CUST-00216,Male,0,No,No,51,Yes,No,DSL,No,No,No,Yes,No,No,Two year,Yes,Electronic check,53.04,2732.84,Yes
CUST-00217,Male,1,Yes,No,5,Yes,No,Fiber optic,Yes,No,No,Yes,Yes,No,Two year,Yes,Mailed check,89.28,434.27,No
CUST-00218,Female,0,No,No,28,Yes,No,Fiber optic,No,Yes,No,No,Yes,No,Month-to-month,Yes,Credit card (automatic),78.38,2187.85,Yes
CUST-00219,Male,0,No,No,17,Yes,No,No,No internet service,No internet service,No internet service,No internet service,No internet service,No internet service,One year,No,Electronic check,25.0,451.98,Yes
CUST-00220,Female,0,No,No,8,Yes,No,Fiber optic,No,No,Yes,No,No,Yes,Month-to-month,No,Electronic check,84.11,696.07,Yes
CUST-00221,Male,0,No,No,13,Yes,Yes,DSL,No,No,No,Yes,No,Yes,Month-to-month,No,Bank transfer (automatic),58.05,742.66,Yes
CUST-00222,Female,0,Yes,No,25,Yes,No,DSL,No,Yes,Yes,No,No,No,Month-to-month,Yes,Electronic check,60.82,1475.94,Yes
CUST-00223,Male,0,Yes,No,8,Yes,Yes,Fiber optic,No,No,No,Yes,No,No,Month-to-month,Yes,Bank transfer (automatic),79.92,627.33,Yes
CUST-00224,Male,0,Yes,Yes,48,Yes,No,DSL,No,Yes,No,Yes,Yes,No,Month-to-month,No,Credit card (automatic),61.65,2927.26,No
CUST-00225,Male,0,No,No,41,Yes,No,Fiber optic,No,Yes,Yes,No,No,Yes,Two year,No,Bank transfer (automatic),84.43,3358.33,No
CUST-00226,Male,0,Yes,No,5,Yes,No,DSL,No,No,No,No,Yes,No,Month-to-month,No,Electronic check,47.82,252.25,Yes
CUST-00227,Female,0,No,No,55,Yes,Yes,DSL,No,No,Yes,Yes,No,No,Two year,Yes,Bank transfer (automatic),54.49,3027.5,No
CUST-00228,Female,0,No,No,48,Yes,No,Fiber optic,Yes,Yes,No,No,No,No,Month-to-month,No,Credit card (automatic),87.12,4316.64,Yes
CUST-00229,Male,0,Yes,No,15,Yes,Yes,DSL,No,Yes,Yes,Yes,Yes,Yes,One year,No,Credit card (automatic),72.37,1088.2,No
CUST-00230,Male,0,Yes,Yes,9,Yes,No,DSL,Yes,No,Yes,No,No,No,One year,Yes,Electronic check,60.09,571.77,No
CUST-00231,Male,0,Yes,Yes,35,Yes,Yes,No,No internet service,No internet service,No internet service,No internet service,No internet service,No internet service,Month-to-month,Yes,Electronic check,25.0,853.42,Yes
CUST-00232,Male,0,No,No,42,Yes,No,Fiber optic,No,Yes,No,No,No,No,Month-to-month,No,Credit card (automatic),79.86,3204.19,Yes
CUST-00233,Male,1,Yes,No,36,Yes,No,DSL,No,No,No,No,No,No,Month-to-month,Yes,Bank transfer (automatic),47.7,1811.15,Yes
CUST-00234,Male,0,No,No,8,Yes,No,Fiber optic,Yes,Yes,No,No,No,Yes,Month-to-month,No,Mailed check,86.62,724.95,No
CUST-00235,Female,0,No,No,3,Yes,Yes,DSL,No,No,No,No,No,No,Two year,Yes,Bank transfer (automatic),42.94,128.36,No
CUST-00236,Female,0,Yes,Yes,40,Yes,Yes,Fiber optic,No,No,No,Yes,Yes,Yes,One year,Yes,Electronic check,88.49,3553.95,No
CUST-00237,Female,0,No,No,19,Yes,No,Fiber optic,No,No,No,No,No,No,Month-to-month,Yes,Electronic check,65.48,1313.9,Yes
CUST-00238,Male,0,No,No,18,Yes,No,DSL,Yes,No,Yes,No,Yes,No,Month-to-month,No,Bank transfer (automatic),64.61,1176.1,No
CUST-00239,Female,0,No,No,42,Yes,Yes,Fiber optic,No,Yes,No,Yes,No,Yes,Month-to-month,Yes,Mailed check,91.25,3798.69,Yes
CUST-00240,Female,0,No,No,21,Yes,No,DSL,No,Yes,No,Yes,No,No,One year,No,Mailed check,55.17,1224.4,Yes
CUST-00241,Male,0,No,No,15,Yes,No,Fiber optic,Yes,Yes,No,No,Yes,No,Month-to-month,Yes,Mailed check,92.18,1464.35,Yes
CUST-00242,Female,0,Yes,No,29,Yes,No,Fiber optic,Yes,No,Yes,No,Yes,No,One year,No,Mailed check,92.6,2591.82,Yes
CUST-00243,Male,0,No,No,65,Yes,Yes,No,No internet service,No internet service,No internet service,No internet service,No internet service,No internet service,Two year,No,Bank transfer (automatic),25.0,1702.63,No
CUST-00244,Male,0,No,No,37,Yes,No,DSL,Yes,Yes,Yes,No,No,No,Two year,No,Credit card (automatic),64.48,2447.08,No
CUST-00245,Female,0,Yes,Yes,47,Yes,No,No,No internet service,No internet service,No internet service,No internet service,No internet service,No internet service,Two year,Yes,Mailed check,25.0,1171.85,No
CUST-00246,Male,1,No,No,43,Yes,Yes,DSL,No,Yes,Yes,No,No,Yes,Two year,Yes,Credit card (automatic),60.82,2561.1,No
CUST-00247,Female,1,Yes,No,31,Yes,Yes,DSL,Yes,No,No,No,No,No,Month-to-month,No,Electronic check,50.0,1527.28,No
CUST-00248,Male,0,Yes,No,11,Yes,No,DSL,No,No,No,Yes,No,No,Month-to-month,No,Electronic check,51.45,575.4,Yes
CUST-00249,Female,1,Yes,Yes,3,Yes,Yes,No,No internet service,No internet service,No internet service,No internet service,No internet service,No internet service,Two year,No,Mailed check,25.0,91.86,No
CUST-00250,Male,0,Yes,No,41,Yes,No,No,No internet service,No internet service,No internet service,No internet service,No internet service,No internet service,Month-to-month,Yes,Credit card (automatic),25.0,1008.94,Yes
CUST-00251,Female,0,No,No,55,No,No phone service,Fiber optic,No,Yes,No,No,No,Yes,One year,No,Bank transfer (automatic),80.7,4251.06,Yes
CUST-00252,Male,0,No,Yes,11,Yes,Yes,DSL,No,No,Yes,Yes,No,No,Month-to-month,No,Credit card (automatic),55.44,605.75,Yes
CUST-00253,Female,0,Yes,No,49,Yes,Yes,DSL,No,Yes,No,No,No,Yes,Month-to-month,Yes,Credit card (automatic),53.97,2767.91,Yes
CUST-00254,Male,0,No,No,32,Yes,No,Fiber optic,Yes,No,No,No,No,Yes,Two year,Yes,Bank transfer (automatic),82.07,2629.25,No
CUST-00255,Male,0,Yes,No,21,Yes,No,DSL,No,No,No,No,Yes,No,Month-to-month,No,Bank transfer (automatic),54.48,1180.69,Yes
CUST-00256,Male,0,Yes,Yes,40,Yes,No,Fiber optic,Yes,No,Yes,No,No,No,Two year,Yes,Electronic check,79.65,3298.8,No
CUST-00257,Female,0,No,No,43,Yes,No,Fiber optic,No,No,No,No,No,Yes,Month-to-month,Yes,Credit card (automatic),75.06,3244.68,Yes
CUST-00258,Male,0,No,No,24,Yes,No,No,No internet service,No internet service,No internet service,No internet service,No internet service,No internet service,Two year,No,Bank transfer (automatic),25.0,601.76,No
CUST-00259,Female,0,No,No,25,Yes,Yes,DSL,No,No,Yes,Yes,Yes,Yes,Month-to-month,No,Mailed check,66.22,1656.37,Yes
CUST-00260,Female,0,No,No,24,Yes,Yes,Fiber optic,No,No,No,No,No,No,Two year,No,Credit card (automatic),66.02,1604.52,No
CUST-00261,Male,0,Yes,Yes,22,Yes,Yes,No,No internet service,No internet service,No internet service,No internet service,No internet service,No internet service,Month-to-month,No,Electronic check,25.0,573.83,Yes
CUST-00262,Female,0,Yes,No,17,No,No phone service,Fiber optic,No,No,No,No,No,No,Month-to-month,No,Bank transfer (automatic),65.17,1066.97,No
CUST-00263,Female,1,No,No,59,Yes,Yes,Fiber optic,No,No,No,Yes,No,No,One year,Yes,Electronic check,77.96,4700.69,No
CUST-00264,Female,0,No,No,33,Yes,Yes,Fiber optic,No,Yes,Yes,No,No,No,Month-to-month,Yes,Electronic check,84.3,2872.7,Yes
CUST-00265,Male,0,Yes,No,15,Yes,No,Fiber optic,No,No,Yes,Yes,No,No,One year,Yes,Electronic check,80.15,1208.08,No
CUST-00266,Male,0,No,Yes,7,Yes,No,Fiber optic,No,Yes,No,No,No,No,Month-to-month,Yes,Credit card (automatic),77.82,538.65,Yes
CUST-00267,Male,0,Yes,Yes,17,Yes,Yes,DSL,Yes,Yes,Yes,No,No,No,Month-to-month,Yes,Electronic check,60.26,981.01,Yes
CUST-00268,Female,0,No,No,30,Yes,No,Fiber optic,Yes,No,No,No,Yes,Yes,Month-to-month,Yes,Credit card (automatic),94.89,2917.13,Yes
CUST-00269,Male,0,Yes,No,22,Yes,No,Fiber optic,Yes,Yes,No,No,No,Yes,Month-to-month,Yes,Electronic check,89.95,1916.16,Yes
CUST-00270,Male,1,Yes,Yes,31,Yes,Yes,DSL,Yes,Yes,No,Yes,Yes,Yes,Month-to-month,Yes,Credit card (automatic),73.87,2265.95,No
CUST-00271,Female,1,Yes,No,52,Yes,No,DSL,No,No,No,Yes,No,Yes,One year,Yes,Credit card (automatic),58.16,3138.1,No
CUST-00272,Male,1,No,No,39,Yes,Yes,Fiber optic,No,No,Yes,No,Yes,Yes,One year,Yes,Electronic check,88.86,3535.5,No
CUST-00273,Female,0,No,No,21,Yes,Yes,No,No internet service,No internet service,No internet service,No internet service,No internet service,No internet service,Month-to-month,Yes,Electronic check,25.0,541.86,Yes
CUST-00274,Male,0,No,Yes,3,Yes,Yes,No,No internet service,No internet service,No internet service,No internet service,No internet service,No internet service,Month-to-month,Yes,Bank transfer (automatic),25.0,76.65,No
CUST-00275,Female,1,No,No,52,Yes,No,No,No internet service,No internet service,No internet service,No internet service,No internet service,No internet service,One year,No,Electronic check,25.0,1313.15,Yes
CUST-00276,Female,1,Yes,No,8,Yes,No,DSL,Yes,No,No,No,No,Yes,One year,No,Electronic check,60.99,514.4,No
CUST-00277,Male,0,Yes,No,25,Yes,Yes,DSL,No,No,Yes,No,Yes,No,Month-to-month,No,Credit card (automatic),57.94,1512.84,Yes
CUST-00278,Male,1,Yes,Yes,47,Yes,Yes,No,No internet service,No internet service,No internet service,No internet service,No internet service,No internet service,Two year,Yes,Bank transfer (automatic),25.0,1169.69,No
CUST-00279,Male,0,Yes,No,60,Yes,Yes,Fiber optic,Yes,Yes,No,No,No,Yes,Month-to-month,No,Credit card (automatic),88.62,5383.14,No
CUST-00280,Male,0,Yes,Yes,29,Yes,Yes,Fiber optic,No,No,No,Yes,No,Yes,Month-to-month,Yes,Mailed check,86.86,2631.49,Yes
CUST-00281,Female,0,No,No,48,Yes,No,DSL,No,Yes,Yes,Yes,No,No,One year,Yes,Bank transfer (automatic),63.92,3017.67,No
CUST-00282,Female,0,Yes,Yes,27,Yes,Yes,DSL,Yes,No,Yes,Yes,Yes,Yes,Two year,Yes,Electronic check,70.36,1987.31,No
CUST-00283,Male,0,Yes,Yes,22,Yes,No,DSL,No,Yes,Yes,No,No,No,Two year,Yes,Bank transfer (automatic),54.77,1178.19,No
CUST-00284,Female,0,Yes,Yes,34,Yes,No,DSL,No,No,No,Yes,Yes,No,Month-to-month,No,Electronic check,58.64,2005.56,Yes
CUST-00285,Female,0,No,No,23,Yes,No,DSL,Yes,Yes,No,No,Yes,No,One year,Yes,Electronic check,62.69,1385.95,No
CUST-00286,Female,0,No,No,36,Yes,No,DSL,No,No,No,Yes,Yes,Yes,Month-to-month,Yes,Electronic check,63.18,2237.3,No
CUST-00287,Female,1,Yes,No,48,Yes,No,Fiber optic,Yes,No,Yes,No,No,No,One year,No,Bank transfer (automatic),85.24,4018.8,No
CUST-00288,Male,0,No,Yes,17,Yes,Yes,Fiber optic,No,No,No,No,Yes,No,Month-to-month,Yes,Electronic check,74.3,1336.89,No
CUST-00289,Female,0,Yes,No,51,Yes,Yes,No,No internet service,No internet service,No internet service,No internet service,No internet service,No internet service,Month-to-month,Yes,Electronic check,25.0,1308.87,Yes
CUST-00290,Female,0,Yes,No,47,Yes,No,Fiber optic,No,Yes,Yes,No,No,No,Month-to-month,No,Credit card (automatic),83.62,3842.03,Yes
CUST-00291,Female,0,Yes,No,35,No,No phone service,Fiber optic,Yes,No,No,No,No,No,Month-to-month,Yes,Electronic check,71.91,2501.0,Yes
CUST-00292,Male,0,No,No,27,Yes,No,No,No internet service,No internet service,No internet service,No internet service,No internet service,No internet service,Month-to-month,Yes,Electronic check,25.0,699.51,Yes
CUST-00293,Male,0,Yes,No,33,Yes,No,DSL,Yes,No,No,Yes,No,Yes,Month-to-month,No,Electronic check,63.04,2003.1,Yes
CUST-00294,Male,0,Yes,Yes,19,Yes,No,Fiber optic,No,No,No,Yes,No,No,Month-to-month,No,Electronic check,73.58,1381.2,Yes
CUST-00295,Male,0,Yes,Yes,20,Yes,Yes,DSL,Yes,Yes,No,Yes,Yes,No,Two year,No,Electronic check,64.28,1280.53,No
CUST-00296,Female,1,No,No,31,Yes,Yes,DSL,No,No,No,No,Yes,Yes,One year,No,Bank transfer (automatic),58.8,1753.12,No
CUST-00297,Male,0,No,Yes,9,Yes,Yes,DSL,No,Yes,Yes,No,Yes,No,Month-to-month,No,Mailed check,64.22,567.21,No
CUST-00298,Male,0,No,No,45,Yes,Yes,No,No internet service,No internet service,No internet service,No internet service,No internet service,No internet service,Month-to-month,No,Electronic check,25.0,1143.13,No
CUST-00299,Male,1,Yes,No,31,Yes,Yes,Fiber optic,No,No,Yes,No,No,No,Month-to-month,Yes,Mailed check,75.4,2371.64,No
CUST-00300,Female,1,Yes,No,40,Yes,No,DSL,No,No,Yes,Yes,No,Yes,One year,Yes,Electronic check,65.57,2757.69,No
CUST-00301,Male,0,Yes,No,38,Yes,No,No,No internet service,No internet service,No internet service,No internet service,No internet service,No internet service,Month-to-month,Yes,Bank transfer (automatic),25.0,981.68,No
CUST-00302,Male,0,No,No,34,Yes,No,DSL,Yes,Yes,Yes,No,Yes,No,Month-to-month,No,Electronic check,72.1,2462.22,Yes
CUST-00303,Female,0,No,No,5,Yes,No,DSL,Yes,Yes,No,Yes,No,Yes,Month-to-month,Yes,Electronic check,64.52,324.89,Yes
CUST-00304,Male,1,Yes,No,21,Yes,Yes,No,No internet service,No internet service,No internet service,No internet service,No internet service,No internet service,One year,Yes,Electronic check,25.0,528.43,No
CUST-00305,Male,1,Yes,No,62,Yes,No,Fiber optic,Yes,No,No,No,Yes,No,Two year,Yes,Electronic check,78.43,4936.05,No
CUST-00306,Male,0,No,No,44,Yes,No,Fiber optic,No,No,Yes,No,No,No,Two year,Yes,Mailed check,72.69,3151.44,No
CUST-00307,Male,0,No,No,21,Yes,No,Fiber optic,No,No,No,Yes,No,Yes,Month-to-month,No,Credit card (automatic),88.33,1948.98,Yes
CUST-00308,Male,0,No,Yes,43,Yes,Yes,Fiber optic,No,No,Yes,Yes,No,No,Two year,Yes,Bank transfer (automatic),88.51,3857.13,No
CUST-00309,Female,0,No,No,37,Yes,Yes,DSL,No,No,Yes,Yes,Yes,No,Month-to-month,Yes,Bank transfer (automatic),61.47,2360.74,No
CUST-00310,Male,1,Yes,No,29,Yes,No,DSL,No,No,Yes,Yes,No,No,One year,Yes,Credit card (automatic),56.83,1633.04,No
CUST-00311,Male,0,Yes,No,65,Yes,No,Fiber optic,No,No,No,No,Yes,No,Month-to-month,No,Bank transfer (automatic),75.02,4784.43,No
CUST-00312,Female,1,Yes,No,40,Yes,Yes,DSL,No,Yes,No,Yes,No,No,Two year,Yes,Credit card (automatic),54.97,2176.52,No
CUST-00313,Female,0,No,No,36,Yes,Yes,No,No internet service,No internet service,No internet service,No internet service,No internet service,No internet service,One year,No,Credit card (automatic),25.0,929.82,No
CUST-00314,Female,0,Yes,Yes,8,No,No phone service,Fiber optic,No,No,Yes,No,Yes,No,Month-to-month,No,Electronic check,73.41,619.3,Yes
CUST-00315,Female,0,No,No,26,Yes,No,DSL,No,Yes,No,Yes,No,No,Two year,Yes,Electronic check,54.13,1457.54,No
CUST-00316,Female,0,Yes,No,61,Yes,Yes,DSL,No,Yes,No,No,No,No,Two year,No,Bank transfer (automatic),46.42,2747.28,No
CUST-00317,Male,0,Yes,No,36,No,No phone service,Fiber optic,No,No,Yes,Yes,No,Yes,Month-to-month,No,Bank transfer (automatic),86.04,3009.81,No
CUST-00318,Female,1,No,Yes,10,Yes,Yes,Fiber optic,No,Yes,Yes,No,No,Yes,One year,Yes,Credit card (automatic),86.18,871.48,No
CUST-00319,Female,0,No,No,19,Yes,No,DSL,Yes,Yes,Yes,No,Yes,No,Month-to-month,No,Bank transfer (automatic),69.43,1368.59,Yes
CUST-00320,Male,0,No,No,47,Yes,Yes,No,No internet service,No internet service,No internet service,No internet service,No internet service,No internet service,One year,No,Bank transfer (automatic),25.0,1191.65,No
CUST-00321,Male,0,No,No,18,Yes,No,DSL,No,No,No,No,No,No,One year,No,Credit card (automatic),45.14,791.68,No
CUST-00322,Male,0,Yes,No,17,Yes,Yes,DSL,Yes,No,No,Yes,Yes,No,One year,No,Credit card (automatic),60.49,1025.81,No
CUST-00323,Male,0,No,No,4,No,No phone service,Fiber optic,Yes,No,Yes,No,Yes,Yes,Two year,No,Bank transfer (automatic),87.59,359.13,No
CUST-00324,Male,0,Yes,No,56,Yes,No,Fiber optic,No,No,No,Yes,No,No,Month-to-month,Yes,Credit card (automatic),78.99,4252.97,Yes
CUST-00325,Male,0,Yes,No,15,Yes,Yes,Fiber optic,Yes,No,Yes,No,No,No,Month-to-month,Yes,Credit card (automatic),81.05,1250.25,No
CUST-00326,Male,0,Yes,Yes,30,Yes,No,DSL,No,No,Yes,Yes,Yes,Yes,One year,Yes,Electronic check,62.48,1887.33,No
CUST-00327,Female,0,Yes,Yes,1,Yes,No,Fiber optic,Yes,No,No,Yes,No,Yes,One year,Yes,Credit card (automatic),90.83,97.9,No
CUST-00328,Male,0,Yes,Yes,11,Yes,Yes,Fiber optic,No,Yes,No,No,No,No,Two year,No,Electronic check,75.61,833.33,No
CUST-00329,Male,0,Yes,No,62,Yes,Yes,Fiber optic,Yes,Yes,Yes,No,No,No,Month-to-month,Yes,Bank transfer (automatic),87.18,5436.77,Yes
CUST-00330,Male,0,No,No,35,Yes,No,DSL,No,No,Yes,No,No,Yes,Two year,Yes,Credit card (automatic),58.21,1944.71,No
CUST-00331,Female,0,No,No,60,Yes,No,Fiber optic,No,No,Yes,Yes,No,No,Month-to-month,No,Electronic check,79.7,4976.19,Yes
CUST-00332,Male,0,No,No,16,Yes,No,DSL,No,Yes,No,No,No,No,Month-to-month,Yes,Electronic check,54.01,877.52,Yes
CUST-00333,Male,0,No,No,2,Yes,No,DSL,No,No,Yes,No,Yes,No,Two year,Yes,Bank transfer (automatic),52.48,118.52,Yes
CUST-00334,Male,1,Yes,Yes,19,Yes,Yes,DSL,No,Yes,No,Yes,No,No,Month-to-month,No,Bank transfer (automatic),55.59,1078.17,Yes
CUST-00335,Female,0,Yes,No,24,No,No phone service,DSL,Yes,No,Yes,No,No,No,Month-to-month,Yes,Electronic check,53.42,1249.47,Yes
CUST-00336,Female,0,No,No,51,Yes,No,Fiber optic,No,No,Yes,Yes,No,No,Two year,No,Credit card (automatic),76.99,3826.99,No
CUST-00337,Male,0,Yes,No,61,Yes,No,No,No internet service,No internet service,No internet service,No internet service,No internet service,No internet service,Two year,Yes,Electronic check,25.0,1609.54,No
CUST-00338,Female,0,No,No,10,Yes,Yes,Fiber optic,Yes,No,No,No,Yes,Yes,Month-to-month,Yes,Credit card (automatic),89.25,865.76,Yes
CUST-00339,Female,0,No,No,48,No,No phone service,DSL,No,No,Yes,Yes,No,Yes,Month-to-month,Yes,Bank transfer (automatic),60.86,2879.55,Yes
CUST-00340,Female,0,Yes,Yes,13,Yes,Yes,Fiber optic,No,No,Yes,Yes,No,No,Month-to-month,Yes,Credit card (automatic),78.49,977.35,Yes
CUST-00341,Male,0,Yes,No,16,Yes,Yes,Fiber optic,No,No,No,Yes,Yes,No,Month-to-month,Yes,Bank transfer (automatic),84.32,1376.42,No
CUST-00342,Female,0,Yes,Yes,61,No,No phone service,DSL,No,No,No,No,Yes,Yes,One year,No,Electronic check,56.98,3484.5,No
CUST-00343,Male,0,Yes,Yes,22,Yes,Yes,No,No internet service,No internet service,No internet service,No internet service,No internet service,No internet service,Month-to-month,Yes,Bank transfer (automatic),25.0,541.86,No
CUST-00344,Male,0,No,No,24,Yes,No,No,No internet service,No internet service,No internet service,No internet service,No internet service,No internet service,Two year,Yes,Credit card (automatic),25.0,623.2,No
CUST-00345,Female,1,Yes,Yes,46,Yes,Yes,No,No internet service,No internet service,No internet service,No internet service,No internet service,No internet service,One year,No,Credit card (automatic),25.0,1213.95,No
CUST-00346,Female,0,No,No,40,Yes,No,Fiber optic,No,No,Yes,Yes,Yes,No,Two year,Yes,Electronic check,80.75,3359.76,No
CUST-00347,Female,0,Yes,No,35,Yes,No,Fiber optic,No,No,No,No,No,No,Two year,No,Electronic check,72.23,2550.78,No
CUST-00348,Female,1,No,No,18,No,No phone service,Fiber optic,No,No,No,No,No,Yes,Month-to-month,No,Electronic check,74.06,1350.86,Yes
CUST-00349,Male,0,Yes,No,39,Yes,No,Fiber optic,No,No,Yes,No,No,Yes,Two year,Yes,Electronic check,81.14,3234.19,No
CUST-00350,Male,0,No,No,41,Yes,No,No,No internet service,No internet service,No internet service,No internet service,No internet service,No internet service,One year,Yes,Electronic check,25.0,1011.88,No
CUST-00351,Female,1,No,No,24,Yes,No,Fiber optic,No,No,Yes,No,Yes,No,One year,No,Bank transfer (automatic),76.81,1771.92,No
CUST-00352,Female,0,No,No,30,Yes,Yes,No,No internet service,No internet service,No internet service,No internet service,No internet service,No internet service,Two year,No,Credit card (automatic),25.0,743.61,No
CUST-00353,Male,0,Yes,Yes,23,Yes,Yes,DSL,Yes,Yes,No,Yes,No,No,Two year,No,Bank transfer (automatic),63.56,1506.19,No
CUST-00354,Male,0,Yes,No,39,Yes,No,Fiber optic,Yes,No,No,Yes,Yes,No,Two year,Yes,Mailed check,87.49,3250.47,No
CUST-00355,Female,0,Yes,No,61,Yes,No,Fiber optic,Yes,No,No,Yes,Yes,Yes,Two year,Yes,Electronic check,93.18,5832.23,No
CUST-00356,Male,0,No,No,42,Yes,No,DSL,Yes,No,No,No,Yes,No,Month-to-month,No,Mailed check,59.98,2611.2,Yes
CUST-00357,Female,0,No,Yes,39,Yes,Yes,No,No internet service,No internet service,No internet service,No internet service,No internet service,No internet service,One year,Yes,Electronic check,25.0,1010.52,No
CUST-00358,Female,1,Yes,Yes,51,Yes,Yes,DSL,Yes,Yes,No,No,No,No,Month-to-month,No,Bank transfer (automatic),58.35,3073.07,No
CUST-00359,Male,0,Yes,Yes,17,Yes,No,Fiber optic,No,Yes,No,No,No,No,Month-to-month,Yes,Bank transfer (automatic),70.08,1241.87,No
CUST-00360,Female,1,No,No,4,Yes,Yes,No,No internet service,No internet service,No internet service,No internet service,No internet service,No internet service,Two year,No,Electronic check,25.0,122.16,Yes
CUST-00361,Male,0,No,No,61,Yes,Yes,No,No internet service,No internet service,No internet service,No internet service,No internet service,No internet service,Month-to-month,No,Credit card (automatic),25.0,1493.32,No
CUST-00362,Male,0,Yes,No,45,Yes,No,DSL,Yes,No,No,Yes,No,No,Month-to-month,Yes,Credit card (automatic),57.47,2638.07,Yes
CUST-00363,Male,0,Yes,No,14,Yes,No,No,No internet service,No internet service,No internet service,No internet service,No internet service,No internet service,Month-to-month,No,Electronic check,25.0,355.39,Yes
CUST-00364,Male,0,Yes,Yes,5,Yes,Yes,No,No internet service,No internet service,No internet service,No internet service,No internet service,No internet service,Month-to-month,No,Electronic check,25.0,132.35,Yes
CUST-00365,Male,0,Yes,No,29,No,No phone service,Fiber optic,Yes,Yes,Yes,Yes,No,No,Month-to-month,Yes,Electronic check,85.28,2419.16,No
CUST-00366,Female,0,Yes,No,20,Yes,No,Fiber optic,No,No,Yes,No,Yes,Yes,One year,Yes,Electronic check,88.52,1744.57,Yes
CUST-00367,Male,0,No,No,49,Yes,No,No,No internet service,No internet service,No internet service,No internet service,No internet service,No internet service,One year,Yes,Electronic check,25.0,1181.35,No
CUST-00368,Female,0,Yes,No,9,Yes,Yes,No,No internet service,No internet service,No internet service,No internet service,No internet service,No internet service,Two year,No,Bank transfer (automatic),25.0,233.79,No
CUST-00369,Male,0,Yes,No,52,Yes,Yes,Fiber optic,No,No,No,No,No,Yes,Two year,No,Mailed check,74.67,4061.25,No
CUST-00370,Female,0,Yes,No,39,Yes,No,No,No internet service,No internet service,No internet service,No internet service,No internet service,No internet service,Month-to-month,Yes,Electronic check,25.0,983.92,Yes
CUST-00371,Female,1,Yes,Yes,42,Yes,Yes,DSL,Yes,No,No,No,Yes,Yes,One year,Yes,Credit card (automatic),58.72,2466.72,No
CUST-00372,Female,0,No,No,5,Yes,Yes,Fiber optic,Yes,Yes,Yes,No,No,Yes,Month-to-month,No,Credit card (automatic),91.6,458.56,No
CUST-00373,Female,1,No,No,22,Yes,No,Fiber optic,No,Yes,No,No,Yes,Yes,Month-to-month,No,Credit card (automatic),85.36,1912.74,Yes
CUST-00374,Female,0,No,No,25,No,No phone service,Fiber optic,Yes,No,No,Yes,No,No,Month-to-month,No,Credit card (automatic),75.31,1835.02,Yes
CUST-00375,Male,0,No,No,14,Yes,No,No,No internet service,No internet service,No internet service,No internet service,No internet service,No internet service,Month-to-month,No,Mailed check,25.0,358.46,No
CUST-00376,Male,0,No,No,49,Yes,No,DSL,No,No,Yes,Yes,Yes,Yes,Month-to-month,Yes,Electronic check,71.36,3388.17,Yes
CUST-00377,Male,0,No,No,27,Yes,Yes,Fiber optic,No,No,Yes,No,Yes,Yes,One year,No,Bank transfer (automatic),87.59,2481.52,Yes
CUST-00378,Female,0,No,No,8,Yes,Yes,Fiber optic,No,No,No,Yes,No,No,Month-to-month,Yes,Credit card (automatic),78.47,612.84,Yes
CUST-00379,Female,0,No,No,26,Yes,No,DSL,Yes,Yes,Yes,No,No,Yes,One year,Yes,Bank transfer (automatic),71.08,1842.01,No
CUST-00380,Female,0,Yes,No,13,Yes,No,Fiber optic,No,Yes,No,Yes,No,Yes,Two year,Yes,Electronic check,91.25,1186.84,No
CUST-00381,Male,0,No,No,18,Yes,Yes,No,No internet service,No internet service,No internet service,No internet service,No internet service,No internet service,Month-to-month,Yes,Electronic check,25.0,457.85,No
CUST-00382,Female,0,No,No,12,No,No phone service,No,No internet service,No internet service,No internet service,No internet service,No internet service,No internet service,Month-to-month,No,Bank transfer (automatic),20.0,240.96,Yes
CUST-00383,Male,1,No,No,13,Yes,No,No,No internet service,No internet service,No internet service,No internet service,No internet service,No internet service,Month-to-month,Yes,Bank transfer (automatic),25.0,334.75,No
CUST-00384,Female,0,No,No,29,Yes,No,Fiber optic,Yes,Yes,No,Yes,No,No,Two year,No,Bank transfer (automatic),93.1,2588.12,No
CUST-00385,Female,0,No,No,8,Yes,No,No,No internet service,No internet service,No internet service,No internet service,No internet service,No internet service,Month-to-month,No,Credit card (automatic),25.0,216.05,Yes
CUST-00386,Female,0,Yes,No,41,Yes,Yes,No,No internet service,No internet service,No internet service,No internet service,No internet service,No internet service,Month-to-month,No,Credit card (automatic),25.0,1033.25,Yes
CUST-00387,Male,1,Yes,No,66,Yes,No,Fiber optic,Yes,No,No,Yes,Yes,No,Month-to-month,Yes,Mailed check,88.5,6013.36,No
CUST-00388,Female,0,No,No,41,Yes,No,Fiber optic,Yes,Yes,No,No,No,No,Month-to-month,No,Mailed check,83.07,3298.56,No
CUST-00389,Male,0,Yes,No,11,Yes,Yes,DSL,Yes,No,No,Yes,Yes,No,One year,No,Credit card (automatic),56.92,630.03,No
CUST-00390,Male,0,No,No,4,Yes,Yes,DSL,No,Yes,Yes,Yes,No,No,Two year,Yes,Electronic check,62.44,257.27,No
CUST-00391,Male,0,Yes,Yes,38,Yes,No,No,No internet service,No internet service,No internet service,No internet service,No internet service,No internet service,Month-to-month,No,Electronic check,25.0,949.28,Yes
CUST-00392,Female,0,No,No,2,Yes,Yes,Fiber optic,Yes,No,Yes,No,Yes,No,One year,Yes,Electronic check,91.57,192.38,No
CUST-00393,Male,0,No,No,19,No,No phone service,Fiber optic,Yes,Yes,No,No,No,No,Month-to-month,Yes,Electronic check,75.36,1434.18,Yes
CUST-00394,Male,0,Yes,No,34,Yes,No,DSL,Yes,No,No,Yes,Yes,No,Month-to-month,Yes,Mailed check,63.72,2263.2,Yes
CUST-00395,Male,1,No,No,18,Yes,No,No,No internet service,No internet service,No internet service,No internet service,No internet service,No internet service,Two year,No,Electronic check,25.0,467.84,No
CUST-00396,Female,0,Yes,No,31,Yes,Yes,Fiber optic,No,No,No,Yes,Yes,No,Two year,Yes,Credit card (automatic),77.49,2416.94,No
CUST-00397,Female,0,Yes,Yes,8,Yes,No,Fiber optic,Yes,Yes,Yes,Yes,No,No,Month-to-month,Yes,Credit card (automatic),100.83,799.77,Yes
CUST-00398,Male,0,No,No,10,Yes,No,Fiber optic,No,Yes,Yes,No,No,No,Two year,Yes,Electronic check,88.54,858.52,No
CUST-00399,Male,0,No,No,24,Yes,No,No,No internet service,No internet service,No internet service,No internet service,No internet service,No internet service,Month-to-month,No,Electronic check,25.0,633.71,Yes
CUST-00400,Male,0,No,No,17,Yes,No,Fiber optic,Yes,No,No,Yes,No,No,Month-to-month,No,Bank transfer (automatic),78.59,1358.23,Yes
CUST-00401,Male,0,No,No,33,Yes,No,DSL,No,No,No,No,Yes,No,Month-to-month,Yes,Credit card (automatic),51.35,1679.84,No
CUST-00402,Female,0,No,Yes,17,Yes,No,Fiber optic,Yes,Yes,No,Yes,No,Yes,One year,Yes,Electronic check,99.33,1709.9,No
CUST-00403,Male,0,Yes,No,32,Yes,No,DSL,Yes,No,No,Yes,Yes,No,Month-to-month,No,Electronic check,59.88,1916.41,Yes
CUST-00404,Male,1,No,No,13,Yes,No,DSL,No,Yes,No,No,No,Yes,Two year,Yes,Mailed check,61.57,809.29,No
CUST-00405,Male,0,No,No,21,Yes,No,DSL,No,Yes,No,Yes,Yes,No,Month-to-month,Yes,Electronic check,62.37,1369.85,Yes
CUST-00406,Female,0,Yes,No,65,Yes,Yes,Fiber optic,No,No,No,Yes,Yes,No,Month-to-month,Yes,Mailed check,85.38,5551.36,No
CUST-00407,Male,0,Yes,Yes,7,Yes,No,DSL,No,No,Yes,No,Yes,Yes,Two year,Yes,Credit card (automatic),64.21,478.26,No
CUST-00408,Male,0,No,No,47,No,No phone service,No,No internet service,No internet service,No internet service,No internet service,No internet service,No internet service,One year,Yes,Bank transfer (automatic),20.0,943.9,No
CUST-00409,Male,0,Yes,No,56,Yes,Yes,Fiber optic,No,No,Yes,No,No,No,Month-to-month,Yes,Bank transfer (automatic),74.05,4177.0,Yes
CUST-00410,Male,0,Yes,Yes,35,Yes,No,Fiber optic,No,No,No,Yes,No,No,One year,Yes,Credit card (automatic),71.12,2588.92,Yes
CUST-00411,Female,0,Yes,No,18,Yes,No,DSL,Yes,Yes,No,Yes,Yes,No,Two year,Yes,Bank transfer (automatic),66.9,1265.4,No
CUST-00412,Female,0,No,No,54,Yes,Yes,DSL,No,Yes,No,No,Yes,Yes,Month-to-month,Yes,Electronic check,65.57,3672.53,No
CUST-00413,Female,0,Yes,No,33,Yes,Yes,Fiber optic,No,Yes,Yes,No,No,Yes,Month-to-month,No,Electronic check,92.87,3200.79,Yes
CUST-00414,Female,0,No,Yes,30,Yes,No,DSL,No,No,No,No,Yes,No,Month-to-month,Yes,Mailed check,51.36,1608.86,Yes
CUST-00415,Male,0,No,No,55,Yes,No,Fiber optic,No,No,Yes,No,Yes,Yes,Month-to-month,No,Electronic check,81.32,4647.7,No
CUST-00416,Female,1,Yes,No,29,Yes,Yes,No,No internet service,No internet service,No internet service,No internet service,No internet service,No internet service,Month-to-month,Yes,Credit card (automatic),25.0,733.12,Yes
CUST-00417,Female,0,No,No,48,Yes,Yes,DSL,No,No,Yes,No,No,No,Month-to-month,Yes,Mailed check,50.6,2349.96,Yes
CUST-00418,Male,0,Yes,No,25,Yes,No,Fiber optic,No,Yes,No,Yes,No,No,Month-to-month,Yes,Mailed check,80.38,1945.31,No
CUST-00419,Male,0,No,No,60,Yes,Yes,DSL,No,No,Yes,Yes,Yes,Yes,Two year,No,Mailed check,68.3,3960.39,No
CUST-00420,Male,0,No,No,58,Yes,No,DSL,No,No,No,No,Yes,No,One year,No,Bank transfer (automatic),49.76,2970.76,No
CUST-00421,Female,0,No,No,17,Yes,Yes,Fiber optic,No,Yes,No,No,Yes,No,One year,No,Mailed check,76.98,1372.17,Yes
CUST-00422,Female,0,Yes,No,60,Yes,No,DSL,No,No,No,No,No,Yes,One year,Yes,Mailed check,54.04,3106.36,No
CUST-00423,Female,0,No,No,37,Yes,No,Fiber optic,Yes,Yes,Yes,No,No,Yes,Month-to-month,Yes,Electronic check,90.75,3442.87,Yes
CUST-00424,Male,0,Yes,Yes,8,Yes,Yes,Fiber optic,Yes,No,No,No,Yes,No,Month-to-month,Yes,Credit card (automatic),82.27,692.94,No
CUST-00425,Female,0,No,No,29,Yes,Yes,DSL,No,Yes,No,Yes,Yes,Yes,Two year,Yes,Credit card (automatic),70.59,1969.14,No
CUST-00426,Female,0,No,No,25,Yes,No,DSL,Yes,No,No,No,Yes,Yes,One year,Yes,Bank transfer (automatic),63.63,1539.39,No
CUST-00427,Female,0,Yes,Yes,31,Yes,No,Fiber optic,No,Yes,No,No,No,Yes,One year,Yes,Electronic check,78.72,2525.13,No
CUST-00428,Female,0,Yes,No,41,Yes,No,Fiber optic,No,No,No,No,No,No,Two year,No,Electronic check,67.88,2798.85,Yes
CUST-00429,Male,0,No,No,21,Yes,No,No,No internet service,No internet service,No internet service,No internet service,No internet service,No internet service,One year,No,Electronic check,25.0,523.26,Yes
CUST-00430,Female,1,No,No,38,Yes,No,Fiber optic,No,Yes,Yes,Yes,Yes,No,Month-to-month,Yes,Bank transfer (automatic),91.52,3600.13,No
CUST-00431,Male,0,No,Yes,1,Yes,Yes,DSL,No,Yes,No,No,No,Yes,Two year,Yes,Bank transfer (automatic),56.64,65.43,No
CUST-00432,Female,0,Yes,Yes,33,Yes,Yes,No,No internet service,No internet service,No internet service,No internet service,No internet service,No internet service,Month-to-month,Yes,Bank transfer (automatic),25.0,807.84,Yes
CUST-00433,Female,0,No,No,37,Yes,No,Fiber optic,No,No,Yes,No,No,Yes,Month-to-month,No,Bank transfer (automatic),78.28,2944.66,Yes
CUST-00434,Male,0,Yes,Yes,24,Yes,No,Fiber optic,No,Yes,No,No,No,No,Two year,Yes,Mailed check,75.95,1776.77,No
CUST-00435,Male,0,Yes,No,37,Yes,Yes,DSL,Yes,Yes,Yes,No,No,No,Month-to-month,No,Credit card (automatic),58.62,2234.67,Yes
CUST-00436,Female,0,No,No,13,Yes,Yes,DSL,Yes,No,No,Yes,No,Yes,Two year,No,Electronic check,60.94,811.27,Yes
CUST-00437,Female,0,Yes,No,36,Yes,No,DSL,No,Yes,No,Yes,Yes,No,Month-to-month,Yes,Mailed check,66.87,2530.92,Yes
CUST-00438,Female,0,Yes,No,42,Yes,No,DSL,No,No,Yes,No,Yes,Yes,Month-to-month,Yes,Electronic check,60.97,2565.93,No
CUST-00439,Male,0,Yes,No,27,Yes,Yes,Fiber optic,No,No,No,No,Yes,No,One year,No,Bank transfer (automatic),72.01,1901.95,No
CUST-00440,Female,0,Yes,No,38,Yes,No,DSL,No,No,No,No,No,Yes,Month-to-month,No,Bank transfer (automatic),51.45,1973.12,Yes
CUST-00441,Female,0,Yes,No,45,Yes,No,Fiber optic,No,No,No,No,Yes,No,One year,No,Bank transfer (automatic),80.22,3575.26,Yes
CUST-00442,Female,0,Yes,No,49,Yes,Yes,DSL,No,Yes,No,No,No,Yes,Month-to-month,Yes,Electronic check,59.38,2918.79,No
CUST-00443,Male,0,No,No,62,Yes,No,No,No internet service,No internet service,No internet service,No internet service,No internet service,No internet service,One year,Yes,Electronic check,25.0,1560.06,No
CUST-00444,Male,0,No,No,48,Yes,Yes,Fiber optic,Yes,No,No,No,No,No,One year,Yes,Credit card (automatic),81.83,4023.79,Yes
CUST-00445,Female,0,Yes,No,48,Yes,Yes,DSL,Yes,No,Yes,No,Yes,Yes,Month-to-month,Yes,Credit card (automatic),70.23,3459.52,Yes
CUST-00446,Male,0,No,No,49,Yes,No,Fiber optic,No,Yes,Yes,No,No,No,Two year,No,Electronic check,82.33,3880.04,No
CUST-00447,Female,0,No,No,68,Yes,No,No,No internet service,No internet service,No internet service,No internet service,No internet service,No internet service,One year,Yes,Electronic check,25.0,1705.97,No
CUST-00448,Male,0,No,No,41,Yes,Yes,Fiber optic,No,Yes,Yes,No,Yes,No,Two year,No,Electronic check,88.23,3466.38,Yes
CUST-00449,Female,0,No,No,17,Yes,Yes,No,No internet service,No internet service,No internet service,No internet service,No internet service,No internet service,Month-to-month,No,Mailed check,25.0,456.36,No
CUST-00450,Female,1,No,No,36,Yes,Yes,DSL,No,Yes,Yes,Yes,Yes,No,Two year,Yes,Electronic check,69.63,2523.22,No
CUST-00451,Male,0,Yes,Yes,32,No,No phone service,Fiber optic,Yes,No,No,Yes,Yes,Yes,One year,Yes,Credit card (automatic),90.83,2898.21,No
CUST-00452,Female,0,No,No,45,Yes,Yes,DSL,No,No,No,Yes,Yes,No,One year,Yes,Bank transfer (automatic),56.5,2545.96,No
CUST-00453,Male,0,No,No,10,Yes,No,DSL,No,Yes,Yes,No,No,Yes,One year,Yes,Electronic check,66.66,662.25,No
CUST-00454,Female,1,No,No,28,Yes,Yes,Fiber optic,No,No,Yes,No,No,Yes,Month-to-month,No,Electronic check,82.34,2434.93,Yes
CUST-00455,Female,0,Yes,No,12,No,No phone service,Fiber optic,Yes,No,No,No,Yes,Yes,Month-to-month,Yes,Electronic check,84.01,985.16,Yes
CUST-00456,Female,0,No,Yes,51,Yes,No,Fiber optic,Yes,No,No,No,Yes,No,Two year,Yes,Bank transfer (automatic),77.97,4100.66,No
CUST-00457,Female,0,No,No,23,Yes,No,Fiber optic,No,No,No,No,No,No,One year,No,Credit card (automatic),70.76,1580.51,No
CUST-00458,Female,0,No,Yes,39,Yes,No,Fiber optic,No,No,Yes,Yes,No,Yes,Month-to-month,Yes,Mailed check,84.11,3347.37,Yes
CUST-00459,Male,0,No,No,27,Yes,No,Fiber optic,Yes,Yes,No,No,No,Yes,One year,Yes,Credit card (automatic),84.57,2346.02,No
CUST-00460,Female,0,No,No,9,Yes,Yes,Fiber optic,Yes,No,No,No,Yes,No,Month-to-month,Yes,Mailed check,86.45,820.27,Yes
CUST-00461,Male,0,Yes,No,28,Yes,No,No,No internet service,No internet service,No internet service,No internet service,No internet service,No internet service,Month-to-month,Yes,Electronic check,25.0,749.67,Yes
CUST-00462,Male,0,No,No,28,Yes,No,DSL,No,Yes,Yes,No,Yes,No,Two year,No,Electronic check,64.81,1825.55,No
CUST-00463,Male,0,No,No,34,Yes,No,Fiber optic,No,Yes,No,No,Yes,Yes,Month-to-month,No,Electronic check,89.24,3184.45,Yes
CUST-00464,Male,0,Yes,No,39,Yes,No,No,No internet service,No internet service,No internet service,No internet service,No internet service,No internet service,Two year,No,Electronic check,25.0,939.1,No
CUST-00465,Male,0,Yes,Yes,39,Yes,Yes,No,No internet service,No internet service,No internet service,No internet service,No internet service,No internet service,One year,No,Bank transfer (automatic),25.0,960.48,No
CUST-00466,Female,0,Yes,No,23,Yes,Yes,DSL,No,Yes,No,Yes,Yes,No,Month-to-month,Yes,Bank transfer (automatic),62.43,1372.44,No
CUST-00467,Female,0,No,No,48,Yes,No,No,No internet service,No internet service,No internet service,No internet service,No internet service,No internet service,Two year,No,Bank transfer (automatic),25.0,1249.11,No
CUST-00468,Male,0,No,No,9,Yes,No,DSL,Yes,No,No,No,No,No,Month-to-month,No,Electronic check,48.04,462.08,Yes
CUST-00469,Male,0,No,No,38,Yes,No,Fiber optic,Yes,Yes,No,Yes,No,No,One year,Yes,Electronic check,82.34,3088.03,No
CUST-00470,Male,0,Yes,No,16,Yes,Yes,DSL,No,Yes,No,No,No,No,Month-to-month,Yes,Mailed check,53.84,845.87,No
CUST-00471,Male,0,No,No,40,No,No phone service,DSL,No,No,Yes,Yes,Yes,Yes,Month-to-month,No,Mailed check,63.54,2601.65,Yes
CUST-00472,Female,0,Yes,No,38,Yes,Yes,DSL,No,Yes,No,Yes,Yes,Yes,Month-to-month,No,Electronic check,71.53,2776.85,No
CUST-00473,Female,1,Yes,No,51,Yes,Yes,No,No internet service,No internet service,No internet service,No internet service,No internet service,No internet service,Month-to-month,Yes,Credit card (automatic),25.0,1250.02,Yes
CUST-00474,Female,0,Yes,No,10,Yes,No,No,No internet service,No internet service,No internet service,No internet service,No internet service,No internet service,One year,No,Mailed check,25.0,255.4,Yes
CUST-00475,Female,0,Yes,No,55,Yes,Yes,Fiber optic,No,Yes,Yes,Yes,No,Yes,Two year,No,Bank transfer (automatic),90.74,4744.04,No
CUST-00476,Male,0,Yes,No,3,Yes,No,Fiber optic,Yes,No,Yes,No,No,No,Month-to-month,No,Mailed check,83.84,276.59,Yes
CUST-00477,Male,0,Yes,No,8,Yes,Yes,Fiber optic,No,No,No,No,No,Yes,Month-to-month,Yes,Electronic check,75.88,593.53,Yes
CUST-00478,Female,0,No,No,38,Yes,No,Fiber optic,No,No,Yes,Yes,No,Yes,Month-to-month,Yes,Mailed check,84.89,3285.16,Yes
CUST-00479,Male,0,No,No,21,Yes,No,Fiber optic,No,No,Yes,Yes,Yes,Yes,One year,No,Credit card (automatic),92.8,2044.2,No
CUST-00480,Female,0,No,No,58,Yes,No,DSL,No,Yes,No,No,No,No,Two year,No,Credit card (automatic),50.57,2932.01,No
CUST-00481,Female,0,No,No,29,Yes,Yes,Fiber optic,Yes,Yes,Yes,No,No,No,Month-to-month,Yes,Credit card (automatic),91.1,2734.98,No
CUST-00482,Female,1,No,No,25,Yes,No,No,No internet service,No internet service,No internet service,No internet service,No internet service,No internet service,Month-to-month,Yes,Electronic check,25.0,621.89,Yes
CUST-00483,Female,0,Yes,Yes,69,Yes,Yes,DSL,No,Yes,Yes,No,No,No,Month-to-month,Yes,Bank transfer (automatic),53.23,3565.71,No
CUST-00484,Male,0,No,No,19,Yes,Yes,Fiber optic,Yes,No,No,Yes,No,Yes,Month-to-month,Yes,Credit card (automatic),93.2,1791.86,No
CUST-00485,Male,0,No,Yes,39,Yes,No,Fiber optic,No,No,No,No,No,No,Month-to-month,No,Mailed check,70.08,2637.69,No
CUST-00486,Male,0,No,Yes,11,Yes,No,Fiber optic,No,No,No,No,No,Yes,One year,No,Electronic check,71.0,811.59,Yes
CUST-00487,Female,1,No,Yes,40,Yes,No,DSL,No,No,No,No,No,Yes,One year,No,Electronic check,49.69,1967.66,No
CUST-00488,Female,0,No,No,14,No,No phone service,DSL,No,No,Yes,No,No,Yes,Month-to-month,No,Electronic check,47.73,657.78,Yes
CUST-00489,Female,0,No,No,43,Yes,Yes,No,No internet service,No internet service,No internet service,No internet service,No internet service,No internet service,Month-to-month,Yes,Electronic check,25.0,1065.4,Yes
CUST-00490,Male,0,No,No,17,Yes,No,DSL,Yes,No,No,Yes,Yes,Yes,Month-to-month,No,Bank transfer (automatic),75.12,1255.83,No
CUST-00491,Male,0,No,No,46,Yes,Yes,DSL,Yes,Yes,No,No,No,No,Two year,No,Electronic check,56.19,2646.79,No
CUST-00492,Male,0,Yes,No,38,Yes,No,Fiber optic,No,No,No,Yes,No,No,Two year,Yes,Credit card (automatic),74.99,2844.05,No
CUST-00493,Male,0,Yes,No,16,Yes,No,Fiber optic,Yes,No,No,Yes,No,Yes,Month-to-month,Yes,Electronic check,80.59,1259.88,Yes
CUST-00494,Female,0,Yes,No,18,Yes,Yes,Fiber optic,Yes,Yes,No,No,Yes,No,Month-to-month,No,Electronic check,88.28,1605.8,Yes
CUST-00495,Male,0,Yes,Yes,16,Yes,Yes,DSL,Yes,Yes,No,No,Yes,No,Two year,No,Electronic check,66.03,1062.57,No
CUST-00496,Female,1,No,No,39,Yes,Yes,No,No internet service,No internet service,No internet service,No internet service,No internet service,No internet service,Month-to-month,Yes,Mailed check,25.0,945.87,Yes
CUST-00497,Female,0,Yes,No,47,Yes,No,No,No internet service,No internet service,No internet service,No internet service,No internet service,No internet service,Month-to-month,No,Electronic check,25.0,1201.58,Yes
CUST-00498,Female,1,No,No,43,Yes,No,Fiber optic,No,No,No,No,No,No,Month-to-month,No,Bank transfer (automatic),74.38,3065.41,Yes
CUST-00499,Male,0,No,No,18,Yes,No,DSL,No,Yes,No,Yes,No,No,Month-to-month,Yes,Electronic check,62.33,1107.19,No
CUST-00500,Male,0,No,No,11,Yes,No,DSL,Yes,No,Yes,No,Yes,Yes,One year,Yes,Mailed check,69.16,803.59,Yes
CUST-00501,Female,1,Yes,No,65,Yes,No,No,No internet service,No internet service,No internet service,No internet service,No internet service,No internet service,Two year,Yes,Electronic check,25.0,1682.57,No
CUST-00502,Female,0,No,No,26,No,No phone service,Fiber optic,No,Yes,No,No,No,Yes,One year,No,Electronic check,74.78,1981.58,No
CUST-00503,Male,0,No,No,10,No,No phone service,Fiber optic,No,No,No,No,No,No,Two year,Yes,Mailed check,65.75,652.38,No
CUST-00504,Female,0,Yes,No,23,Yes,No,Fiber optic,Yes,No,No,No,No,Yes,Month-to-month,Yes,Credit card (automatic),79.05,1759.37,Yes
CUST-00505,Male,0,Yes,No,18,Yes,No,Fiber optic,Yes,No,Yes,No,No,No,Month-to-month,No,Electronic check,79.32,1374.82,Yes
CUST-00506,Male,0,No,No,24,Yes,Yes,Fiber optic,Yes,No,No,Yes,No,No,Two year,Yes,Bank transfer (automatic),79.06,1931.26,No
CUST-00507,Male,0,No,No,4,Yes,Yes,DSL,Yes,Yes,Yes,No,Yes,No,Two year,Yes,Credit card (automatic),70.46,290.99,Yes
CUST-00508,Female,0,No,No,46,Yes,No,Fiber optic,No,No,No,Yes,No,No,Two year,Yes,Electronic check,80.44,3700.99,No
CUST-00509,Male,1,Yes,No,48,Yes,No,DSL,Yes,Yes,Yes,No,Yes,Yes,One year,No,Electronic check,76.13,3802.03,No
CUST-00510,Female,0,Yes,No,58,Yes,No,DSL,No,Yes,Yes,No,Yes,No,Two year,No,Credit card (automatic),60.9,3498.83,No
CUST-00511,Female,0,No,No,6,Yes,No,Fiber optic,Yes,No,No,Yes,Yes,Yes,One year,No,Electronic check,95.55,603.28,Yes
CUST-00512,Female,0,Yes,No,40,Yes,Yes,Fiber optic,Yes,No,No,No,No,Yes,One year,No,Credit card (automatic),85.04,3553.27,Yes
CUST-00513,Female,0,Yes,No,14,Yes,No,Fiber optic,Yes,No,No,No,Yes,No,One year,Yes,Electronic check,82.38,1177.31,No
CUST-00514,Female,0,Yes,No,46,Yes,Yes,Fiber optic,No,Yes,No,No,No,No,Month-to-month,Yes,Mailed check,75.58,3531.01,Yes
CUST-00515,Female,1,Yes,No,21,Yes,No,DSL,Yes,Yes,No,Yes,No,Yes,One year,No,Bank transfer (automatic),68.0,1406.22,No
CUST-00516,Male,0,Yes,Yes,51,Yes,No,DSL,No,Yes,Yes,No,No,No,Month-to-month,No,Mailed check,56.42,2864.35,No
CUST-00517,Female,1,No,No,65,Yes,Yes,Fiber optic,Yes,No,No,Yes,Yes,Yes,Month-to-month,Yes,Electronic check,100.61,6672.88,Yes
CUST-00518,Male,0,Yes,No,40,Yes,Yes,No,No internet service,No internet service,No internet service,No internet service,No internet service,No internet service,Month-to-month,No,Bank transfer (automatic),25.0,1026.11,No
CUST-00519,Female,1,Yes,No,12,Yes,Yes,DSL,No,No,Yes,No,Yes,Yes,Month-to-month,No,Bank transfer (automatic),67.52,835.54,Yes
CUST-00520,Male,0,No,No,19,Yes,Yes,Fiber optic,No,Yes,Yes,No,No,No,Month-to-month,Yes,Mailed check,74.3,1365.77,No
CUST-00521,Female,0,Yes,No,37,Yes,No,DSL,No,No,No,No,No,No,Two year,No,Mailed check,46.72,1758.78,No
CUST-00522,Female,0,No,No,13,Yes,Yes,Fiber optic,No,No,No,No,No,Yes,Month-to-month,No,Mailed check,74.03,1006.3,No
CUST-00523,Female,0,Yes,No,2,Yes,Yes,DSL,No,No,No,No,No,No,Month-to-month,No,Credit card (automatic),44.88,92.31,Yes
CUST-00524,Male,1,No,No,3,Yes,No,Fiber optic,Yes,Yes,No,Yes,No,No,Month-to-month,No,Electronic check,90.24,302.05,Yes
CUST-00525,Female,0,No,No,47,Yes,Yes,DSL,No,No,No,No,No,Yes,Month-to-month,No,Electronic check,49.13,2379.77,Yes
CUST-00526,Female,1,No,No,27,Yes,No,Fiber optic,No,No,Yes,Yes,No,No,Two year,Yes,Electronic check,83.43,2154.65,No
CUST-00527,Female,0,No,Yes,44,Yes,No,No,No internet service,No internet service,No internet service,No internet service,No internet service,No internet service,One year,Yes,Electronic check,25.0,1066.69,No
CUST-00528,Female,0,Yes,Yes,29,Yes,No,DSL,No,No,Yes,No,Yes,No,Two year,No,Credit card (automatic),54.95,1556.2,No
CUST-00529,Female,0,No,No,19,Yes,No,No,No internet service,No internet service,No internet service,No internet service,No internet service,No internet service,Two year,Yes,Electronic check,25.0,474.29,No
CUST-00530,Female,0,Yes,Yes,8,Yes,No,DSL,Yes,No,Yes,No,No,Yes,Month-to-month,No,Mailed check,60.58,480.08,Yes
CUST-00531,Female,0,No,No,38,Yes,Yes,Fiber optic,No,Yes,Yes,No,No,No,Month-to-month,No,Mailed check,80.57,3089.37,Yes
CUST-00532,Female,0,Yes,No,11,Yes,No,No,No internet service,No internet service,No internet service,No internet service,No internet service,No internet service,Month-to-month,No,Credit card (automatic),25.0,289.93,No
CUST-00533,Female,0,No,No,28,Yes,Yes,No,No internet service,No internet service,No internet service,No internet service,No internet service,No internet service,Month-to-month,Yes,Mailed check,25.0,705.23,Yes
CUST-00534,Male,0,No,No,0,Yes,No,DSL,No,No,No,No,No,No,Month-to-month,Yes,Credit card (automatic),46.8,14.38,Yes
CUST-00535,Female,1,Yes,No,37,Yes,Yes,No,No internet service,No internet service,No internet service,No internet service,No internet service,No internet service,Two year,Yes,Bank transfer (automatic),25.0,926.31,No
CUST-00536,Male,0,No,No,2,Yes,Yes,DSL,No,No,No,No,Yes,No,Month-to-month,No,Bank transfer (automatic),53.8,119.29,Yes
CUST-00537,Female,0,No,No,39,Yes,Yes,Fiber optic,No,Yes,No,No,Yes,Yes,Month-to-month,Yes,Electronic check,88.69,3405.81,Yes
CUST-00538,Male,0,No,No,0,Yes,No,No,No internet service,No internet service,No internet service,No internet service,No internet service,No internet service,Two year,Yes,Bank transfer (automatic),25.0,9.31,No
CUST-00539,Female,0,Yes,Yes,13,Yes,No,No,No internet service,No internet service,No internet service,No internet service,No internet service,No internet service,Month-to-month,Yes,Electronic check,25.0,316.7,No
CUST-00540,Female,0,No,No,22,Yes,No,DSL,No,Yes,No,Yes,No,No,Month-to-month,Yes,Credit card (automatic),55.69,1178.12,Yes
CUST-00541,Female,0,Yes,No,7,Yes,No,DSL,No,Yes,No,Yes,No,Yes,Month-to-month,Yes,Credit card (automatic),60.62,446.77,Yes
CUST-00542,Male,0,No,No,33,Yes,Yes,DSL,No,No,Yes,Yes,No,No,Month-to-month,Yes,Electronic check,56.1,1774.05,No
CUST-00543,Male,0,No,No,37,Yes,No,Fiber optic,No,No,Yes,Yes,Yes,No,Two year,Yes,Electronic check,87.26,3164.33,No
CUST-00544,Male,0,Yes,No,37,Yes,No,DSL,No,No,No,No,No,Yes,One year,Yes,Bank transfer (automatic),51.63,1873.43,No
CUST-00545,Female,0,No,No,57,Yes,No,Fiber optic,No,No,Yes,No,Yes,Yes,One year,Yes,Electronic check,86.36,4681.99,No
CUST-00546,Female,1,Yes,Yes,45,Yes,No,Fiber optic,Yes,Yes,No,No,No,No,One year,No,Mailed check,77.89,3620.35,No
CUST-00547,Male,0,No,No,57,Yes,No,Fiber optic,No,No,Yes,No,Yes,Yes,Month-to-month,Yes,Credit card (automatic),80.93,4830.1,Yes
CUST-00548,Female,0,No,No,35,Yes,No,DSL,No,No,No,No,No,Yes,Month-to-month,Yes,Mailed check,46.97,1703.48,Yes
CUST-00549,Female,0,Yes,No,42,Yes,Yes,Fiber optic,No,No,Yes,No,Yes,No,Two year,Yes,Mailed check,82.32,3338.16,No
CUST-00550,Male,0,No,No,9,Yes,Yes,DSL,Yes,No,Yes,Yes,No,No,Month-to-month,Yes,Mailed check,62.28,575.17,Yes
CUST-00551,Female,0,No,No,2,No,No phone service,Fiber optic,Yes,No,Yes,No,No,No,Month-to-month,Yes,Electronic check,75.46,149.11,Yes
CUST-00552,Male,0,Yes,Yes,5,Yes,No,Fiber optic,No,No,No,No,No,Yes,One year,Yes,Electronic check,70.05,370.67,Yes
CUST-00553,Male,1,Yes,Yes,24,No,No phone service,No,No internet service,No internet service,No internet service,No internet service,No internet service,No internet service,Two year,No,Credit card (automatic),20.0,483.5,No
CUST-00554,Female,0,No,No,31,Yes,Yes,DSL,No,No,No,Yes,No,No,One year,Yes,Bank transfer (automatic),52.15,1631.49,No
CUST-00555,Male,1,Yes,No,6,Yes,Yes,DSL,Yes,No,No,Yes,No,No,Month-to-month,Yes,Credit card (automatic),55.14,337.38,Yes
CUST-00556,Female,0,No,No,29,Yes,Yes,Fiber optic,No,Yes,No,No,Yes,No,Two year,No,Bank transfer (automatic),85.4,2535.14,No
CUST-00557,Female,0,Yes,No,36,Yes,No,DSL,No,No,Yes,No,No,No,Two year,Yes,Electronic check,53.52,1915.93,No
CUST-00558,Female,0,Yes,No,26,Yes,No,Fiber optic,No,Yes,Yes,No,No,Yes,Month-to-month,Yes,Mailed check,93.41,2323.84,No
CUST-00559,Male,1,Yes,No,7,Yes,No,DSL,No,No,No,No,Yes,Yes,One year,No,Electronic check,56.45,404.82,No
CUST-00560,Male,0,No,No,55,Yes,No,DSL,No,Yes,No,Yes,No,Yes,One year,Yes,Credit card (automatic),63.7,3447.61,No
CUST-00561,Female,0,No,No,33,Yes,No,No,No internet service,No internet service,No internet service,No internet service,No internet service,No internet service,One year,No,Bank transfer (automatic),25.0,825.26,No
CUST-00562,Female,0,No,No,51,Yes,Yes,DSL,Yes,No,No,No,No,No,Month-to-month,No,Electronic check,52.08,2580.2,Yes
CUST-00563,Male,1,Yes,Yes,43,No,No phone service,DSL,No,No,No,No,Yes,No,Two year,Yes,Electronic check,48.21,2047.04,No
CUST-00564,Male,0,Yes,No,49,Yes,Yes,Fiber optic,No,Yes,Yes,No,Yes,Yes,Month-to-month,Yes,Electronic check,90.73,4331.83,No
CUST-00565,Male,0,Yes,Yes,37,Yes,Yes,Fiber optic,Yes,No,No,No,Yes,No,Month-to-month,Yes,Bank transfer (automatic),86.93,3173.99,Yes
CUST-00566,Male,0,Yes,No,8,Yes,Yes,DSL,No,No,No,No,Yes,No,Two year,Yes,Credit card (automatic),51.09,424.74,Yes
CUST-00567,Female,0,Yes,No,32,No,No phone service,Fiber optic,No,Yes,No,Yes,Yes,No,Two year,No,Credit card (automatic),85.57,2865.99,No
CUST-00568,Male,0,Yes,No,7,Yes,No,DSL,No,No,Yes,Yes,Yes,No,One year,No,Bank transfer (automatic),63.34,464.3,No
CUST-00569,Female,0,No,No,32,Yes,No,Fiber optic,No,No,No,Yes,No,Yes,Month-to-month,No,Credit card (automatic),85.29,2870.81,No
CUST-00570,Male,0,Yes,No,18,Yes,No,Fiber optic,No,Yes,No,No,Yes,No,Month-to-month,No,Mailed check,80.29,1430.13,Yes
CUST-00571,Male,0,No,No,64,Yes,No,DSL,Yes,No,Yes,No,No,Yes,One year,No,Mailed check,61.51,3755.33,No
CUST-00572,Male,0,No,No,41,Yes,No,Fiber optic,No,No,Yes,No,No,No,One year,Yes,Bank transfer (automatic),71.68,2954.97,Yes
CUST-00573,Male,1,No,No,27,Yes,No,No,No internet service,No internet service,No internet service,No internet service,No internet service,No internet service,Two year,Yes,Electronic check,25.0,686.61,No
CUST-00574,Female,1,Yes,Yes,33,Yes,Yes,DSL,Yes,Yes,No,No,Yes,Yes,Month-to-month,No,Mailed check,68.97,2251.74,No
CUST-00575,Female,0,No,No,56,Yes,Yes,No,No internet service,No internet service,No internet service,No internet service,No internet service,No internet service,Month-to-month,No,Electronic check,25.0,1395.33,No
CUST-00576,Female,0,Yes,No,65,Yes,No,DSL,Yes,Yes,No,Yes,No,No,Two year,Yes,Mailed check,60.18,3758.55,No
CUST-00577,Male,0,Yes,No,9,Yes,Yes,Fiber optic,No,No,No,No,No,No,Two year,No,Bank transfer (automatic),70.0,649.15,No
CUST-00578,Male,0,No,No,14,Yes,Yes,Fiber optic,No,No,No,No,No,No,Month-to-month,Yes,Bank transfer (automatic),68.18,914.16,No
CUST-00579,Male,0,No,No,37,No,No phone service,Fiber optic,No,No,No,Yes,No,Yes,Two year,Yes,Bank transfer (automatic),72.0,2712.05,No
CUST-00580,Female,1,Yes,No,49,Yes,Yes,DSL,No,No,No,Yes,No,No,Two year,Yes,Mailed check,50.81,2501.65,No
CUST-00581,Male,0,No,No,30,Yes,Yes,No,No internet service,No internet service,No internet service,No internet service,No internet service,No internet service,Month-to-month,No,Credit card (automatic),25.0,769.3,Yes
CUST-00582,Female,0,No,No,39,Yes,Yes,DSL,No,Yes,No,No,Yes,No,Month-to-month,Yes,Credit card (automatic),58.55,2401.44,Yes
CUST-00583,Male,0,No,No,29,Yes,Yes,DSL,No,No,Yes,No,Yes,Yes,Two year,Yes,Electronic check,66.31,1959.69,Yes
CUST-00584,Male,0,No,No,51,Yes,Yes,Fiber optic,No,No,Yes,Yes,No,No,Month-to-month,No,Credit card (automatic),85.11,4542.78,No
CUST-00585,Male,0,Yes,Yes,38,No,No phone service,Fiber optic,Yes,Yes,No,No,No,No,Two year,Yes,Mailed check,78.19,3127.32,No
CUST-00586,Female,1,No,No,40,Yes,Yes,No,No internet service,No internet service,No internet service,No internet service,No internet service,No internet service,One year,No,Electronic check,25.0,1027.79,No
CUST-00587,Male,0,No,No,21,Yes,Yes,DSL,Yes,Yes,Yes,No,Yes,Yes,Two year,Yes,Bank transfer (automatic),75.26,1578.48,No
CUST-00588,Male,0,No,No,5,Yes,No,DSL,Yes,No,Yes,No,Yes,Yes,Two year,No,Mailed check,67.05,361.8,Yes
CUST-00589,Female,0,No,No,51,Yes,No,Fiber optic,No,Yes,No,No,No,Yes,Month-to-month,No,Credit card (automatic),84.58,4241.56,Yes
CUST-00590,Female,0,Yes,No,10,Yes,No,DSL,No,No,Yes,Yes,Yes,Yes,Two year,Yes,Mailed check,71.05,700.83,No
CUST-00591,Female,0,No,No,32,Yes,Yes,No,No internet service,No internet service,No internet service,No internet service,No internet service,No internet service,Month-to-month,Yes,Mailed check,25.0,816.0,Yes
CUST-00592,Male,0,Yes,Yes,60,Yes,No,Fiber optic,No,No,Yes,No,No,No,Month-to-month,Yes,Mailed check,73.25,4337.53,Yes
CUST-00593,Male,0,Yes,Yes,32,Yes,Yes,DSL,No,Yes,Yes,Yes,No,No,One year,No,Mailed check,59.53,1989.62,No
CUST-00594,Male,1,No,No,57,Yes,No,Fiber optic,No,No,No,No,No,No,One year,Yes,Bank transfer (automatic),67.36,3724.56,No
CUST-00595,Male,0,No,No,12,Yes,Yes,DSL,Yes,Yes,No,No,No,No,Month-to-month,No,Electronic check,61.17,740.13,Yes
CUST-00596,Male,1,Yes,No,28,Yes,No,No,No internet service,No internet service,No internet service,No internet service,No internet service,No internet service,Month-to-month,Yes,Credit card (automatic),25.0,685.0,No
CUST-00597,Male,1,Yes,No,6,Yes,No,Fiber optic,No,No,No,No,No,No,One year,Yes,Electronic check,70.35,455.98,No
CUST-00598,Male,0,Yes,No,45,Yes,Yes,No,No internet service,No internet service,No internet service,No internet service,No internet service,No internet service,Month-to-month,No,Credit card (automatic),25.0,1166.81,No
CUST-00599,Female,0,Yes,Yes,19,Yes,No,No,No internet service,No internet service,No internet service,No internet service,No internet service,No internet service,Two year,Yes,Bank transfer (automatic),25.0,487.17,No
CUST-00600,Male,0,Yes,Yes,63,Yes,Yes,DSL,No,Yes,No,Yes,Yes,Yes,One year,No,Mailed check,69.17,4271.62,No
CUST-00601,Male,0,Yes,No,62,Yes,No,DSL,No,No,Yes,Yes,Yes,No,Month-to-month,No,Electronic check,61.96,3925.93,No
CUST-00602,Male,0,No,Yes,22,Yes,No,Fiber optic,Yes,Yes,No,No,No,Yes,Two year,No,Electronic check,89.77,1909.85,Yes
CUST-00603,Male,0,Yes,Yes,26,Yes,No,No,No internet service,No internet service,No internet service,No internet service,No internet service,No internet service,One year,Yes,Electronic check,25.0,631.35,No
CUST-00604,Female,0,No,No,2,Yes,No,Fiber optic,No,No,No,No,No,No,Two year,Yes,Electronic check,73.44,158.45,Yes
CUST-00605,Female,0,Yes,Yes,10,Yes,No,Fiber optic,No,No,Yes,Yes,Yes,No,Month-to-month,Yes,Electronic check,88.2,844.95,Yes
CUST-00606,Male,0,Yes,Yes,40,Yes,No,Fiber optic,Yes,No,No,No,No,No,Month-to-month,Yes,Electronic check,70.23,2738.05,Yes
CUST-00607,Female,1,No,No,35,Yes,Yes,No,No internet service,No internet service,No internet service,No internet service,No internet service,No internet service,Month-to-month,Yes,Mailed check,25.0,859.32,Yes
CUST-00608,Male,0,Yes,No,32,Yes,No,No,No internet service,No internet service,No internet service,No internet service,No internet service,No internet service,Month-to-month,No,Credit card (automatic),25.0,815.88,Yes
CUST-00609,Male,0,Yes,Yes,32,No,No phone service,Fiber optic,No,No,No,Yes,Yes,No,One year,Yes,Electronic check,77.56,2401.31,Yes
CUST-00610,Female,0,Yes,No,33,No,No phone service,Fiber optic,No,No,No,No,No,No,Month-to-month,Yes,Bank transfer (automatic),69.11,2212.88,Yes
CUST-00611,Male,0,Yes,No,4,Yes,Yes,Fiber optic,No,No,No,No,Yes,Yes,One year,No,Bank transfer (automatic),84.12,357.35,Yes
CUST-00612,Female,0,No,No,22,Yes,Yes,No,No internet service,No internet service,No internet service,No internet service,No internet service,No internet service,Two year,Yes,Bank transfer (automatic),25.0,564.92,No
CUST-00613,Male,0,Yes,No,42,Yes,No,DSL,Yes,No,No,No,Yes,No,Month-to-month,Yes,Bank transfer (automatic),54.7,2349.26,No
CUST-00614,Female,0,No,No,44,Yes,Yes,Fiber optic,No,Yes,No,Yes,No,No,Month-to-month,Yes,Electronic check,83.81,3711.75,Yes
CUST-00615,Female,0,No,No,31,Yes,No,Fiber optic,No,Yes,Yes,No,Yes,No,Two year,Yes,Electronic check,80.34,2617.5,No
CUST-00616,Female,0,No,Yes,37,Yes,Yes,No,No internet service,No internet service,No internet service,No internet service,No internet service,No internet service,Month-to-month,No,Mailed check,25.0,935.79,No
CUST-00617,Male,0,Yes,No,25,Yes,No,Fiber optic,No,No,Yes,Yes,No,No,One year,Yes,Credit card (automatic),76.68,1845.89,Yes
CUST-00618,Male,0,No,No,25,Yes,Yes,No,No internet service,No internet service,No internet service,No internet service,No internet service,No internet service,One year,No,Mailed check,25.0,655.97,No
CUST-00619,Male,0,Yes,Yes,27,Yes,No,Fiber optic,No,Yes,Yes,Yes,No,No,Two year,No,Credit card (automatic),93.2,2540.28,No
CUST-00620,Male,0,No,No,32,Yes,No,No,No internet service,No internet service,No internet service,No internet service,No internet service,No internet service,One year,No,Credit card (automatic),25.0,766.43,No
CUST-00621,Male,1,No,No,28,Yes,No,DSL,Yes,No,No,No,No,Yes,Month-to-month,Yes,Mailed check,56.82,1560.21,Yes
CUST-00622,Male,1,No,No,10,Yes,Yes,Fiber optic,Yes,No,Yes,No,No,Yes,Two year,No,Mailed check,85.5,909.09,Yes
CUST-00623,Male,0,Yes,No,22,Yes,Yes,Fiber optic,Yes,No,No,Yes,No,Yes,One year,No,Mailed check,87.36,1981.32,No
CUST-00624,Female,0,Yes,No,2,Yes,No,DSL,No,Yes,No,No,Yes,No,Two year,No,Mailed check,55.99,118.82,No
CUST-00625,Male,0,Yes,Yes,24,Yes,Yes,DSL,Yes,Yes,No,No,Yes,No,Month-to-month,No,Bank transfer (automatic),64.57,1602.49,No
CUST-00626,Male,0,Yes,No,32,Yes,Yes,Fiber optic,No,No,Yes,Yes,Yes,No,Month-to-month,Yes,Credit card (automatic),86.26,2806.73,Yes
CUST-00627,Male,0,No,No,12,Yes,No,DSL,No,No,No,No,Yes,Yes,Month-to-month,Yes,Credit card (automatic),57.39,716.28,Yes
CUST-00628,Female,0,No,No,56,Yes,Yes,No,No internet service,No internet service,No internet service,No internet service,No internet service,No internet service,Month-to-month,No,Credit card (automatic),25.0,1455.1,No
CUST-00629,Female,0,No,No,13,Yes,No,DSL,No,No,No,No,No,No,Month-to-month,No,Electronic check,45.85,623.25,Yes
CUST-00630,Male,1,Yes,No,28,Yes,No,Fiber optic,Yes,No,No,Yes,No,Yes,One year,Yes,Electronic check,85.24,2358.05,No
CUST-00631,Female,0,Yes,Yes,25,Yes,Yes,DSL,Yes,No,No,Yes,No,Yes,Month-to-month,No,Electronic check,65.05,1639.77,Yes
CUST-00632,Male,1,Yes,No,4,Yes,No,No,No internet service,No internet service,No internet service,No internet service,No internet service,No internet service,Month-to-month,No,Bank transfer (automatic),25.0,112.64,Yes
CUST-00633,Male,0,Yes,No,49,Yes,No,No,No internet service,No internet service,No internet service,No internet service,No internet service,No internet service,Month-to-month,No,Electronic check,25.0,1275.0,Yes
CUST-00634,Female,0,No,No,66,Yes,Yes,DSL,Yes,Yes,No,No,No,No,One year,Yes,Electronic check,54.62,3788.6,Yes
CUST-00635,Male,0,Yes,No,16,Yes,Yes,Fiber optic,No,No,Yes,No,Yes,No,Month-to-month,Yes,Bank transfer (automatic),77.43,1253.12,Yes
CUST-00636,Female,1,No,No,29,Yes,No,DSL,No,No,Yes,Yes,No,No,One year,Yes,Credit card (automatic),57.1,1674.11,Yes
CUST-00637,Female,0,No,No,37,Yes,No,No,No internet service,No internet service,No internet service,No internet service,No internet service,No internet service,Month-to-month,Yes,Credit card (automatic),25.0,981.45,No
CUST-00638,Male,0,Yes,No,46,Yes,No,DSL,No,Yes,No,No,No,No,One year,Yes,Electronic check,53.0,2468.35,No
CUST-00639,Female,0,Yes,No,7,Yes,No,DSL,Yes,No,Yes,No,No,Yes,Two year,Yes,Credit card (automatic),60.52,422.46,No
CUST-00640,Male,0,No,No,26,Yes,No,DSL,No,No,No,Yes,Yes,No,Two year,Yes,Credit card (automatic),56.37,1544.27,No
CUST-00641,Female,0,No,No,7,Yes,No,DSL,Yes,Yes,No,No,No,No,One year,Yes,Electronic check,58.39,416.2,No
CUST-00642,Male,0,No,No,51,Yes,No,Fiber optic,Yes,No,Yes,No,Yes,No,Two year,Yes,Credit card (automatic),86.97,4651.26,No
CUST-00643,Male,0,No,Yes,19,Yes,No,Fiber optic,No,No,No,No,No,Yes,Month-to-month,No,Electronic check,75.92,1420.65,Yes
CUST-00644,Male,0,Yes,No,17,Yes,Yes,DSL,No,No,No,Yes,No,No,Month-to-month,Yes,Electronic check,54.61,955.24,Yes
CUST-00645,Male,0,Yes,Yes,12,Yes,No,Fiber optic,No,No,No,No,No,Yes,Month-to-month,Yes,Electronic check,80.55,947.15,Yes
CUST-00646,Female,0,Yes,No,34,Yes,No,No,No internet service,No internet service,No internet service,No internet service,No internet service,No internet service,One year,Yes,Credit card (automatic),25.0,885.48,No
CUST-00647,Male,0,Yes,No,57,No,No phone service,No,No internet service,No internet service,No internet service,No internet service,No internet service,No internet service,Month-to-month,Yes,Electronic check,20.0,1121.85,No
CUST-00648,Female,0,No,No,29,Yes,Yes,Fiber optic,No,No,No,No,No,No,Month-to-month,Yes,Credit card (automatic),67.88,2007.79,No
CUST-00649,Male,0,No,Yes,23,Yes,No,DSL,No,No,No,Yes,No,No,One year,No,Mailed check,51.53,1181.57,No
CUST-00650,Male,1,Yes,No,3,Yes,No,Fiber optic,No,No,No,No,Yes,No,Month-to-month,Yes,Electronic check,78.71,260.56,Yes
CUST-00651,Female,0,Yes,No,22,Yes,Yes,DSL,Yes,No,Yes,Yes,No,Yes,Two year,Yes,Electronic check,71.48,1629.94,No
CUST-00652,Male,0,No,No,4,Yes,Yes,Fiber optic,No,Yes,No,No,No,No,One year,Yes,Credit card (automatic),76.25,324.25,Yes
CUST-00653,Female,0,No,No,8,Yes,Yes,DSL,No,Yes,Yes,No,No,Yes,Month-to-month,Yes,Electronic check,66.74,557.96,Yes
CUST-00654,Male,0,No,No,48,Yes,No,DSL,No,No,No,No,No,No,One year,Yes,Credit card (automatic),45.02,2106.03,Yes
CUST-00655,Female,0,Yes,No,17,Yes,No,Fiber optic,No,No,No,No,Yes,No,One year,No,Electronic check,80.0,1325.62,No
CUST-00656,Male,0,No,No,53,No,No phone service,No,No internet service,No internet service,No internet service,No internet service,No internet service,No internet service,Month-to-month,Yes,Credit card (automatic),20.0,1015.04,No
CUST-00657,Male,0,No,No,25,Yes,No,Fiber optic,No,Yes,No,Yes,No,Yes,One year,Yes,Mailed check,90.99,2223.1,No
CUST-00658,Female,0,Yes,Yes,7,Yes,No,No,No internet service,No internet service,No internet service,No internet service,No internet service,No internet service,Month-to-month,Yes,Electronic check,25.0,169.89,Yes
CUST-00659,Male,0,Yes,No,58,Yes,No,No,No internet service,No internet service,No internet service,No internet service,No internet service,No internet service,Month-to-month,Yes,Mailed check,25.0,1412.37,Yes
CUST-00660,Male,0,Yes,Yes,54,Yes,No,DSL,No,Yes,No,No,No,Yes,Month-to-month,Yes,Credit card (automatic),54.36,3029.1,No
CUST-00661,Female,0,Yes,No,25,Yes,Yes,DSL,No,Yes,No,Yes,No,No,Month-to-month,Yes,Electronic check,60.02,1579.44,No
CUST-00662,Male,0,No,No,15,Yes,Yes,DSL,Yes,No,No,No,No,Yes,Month-to-month,Yes,Electronic check,55.13,818.64,Yes
CUST-00663,Male,0,Yes,No,15,Yes,No,Fiber optic,No,No,No,No,No,No,Month-to-month,No,Credit card (automatic),68.36,1013.91,Yes
CUST-00664,Female,0,No,No,54,Yes,Yes,DSL,No,No,No,No,No,No,Month-to-month,Yes,Electronic check,44.05,2452.56,No
CUST-00665,Female,0,No,No,45,Yes,Yes,No,No internet service,No internet service,No internet service,No internet service,No internet service,No internet service,One year,No,Electronic check,25.0,1200.06,No
CUST-00666,Male,0,Yes,No,5,Yes,Yes,Fiber optic,No,No,Yes,No,No,No,Month-to-month,Yes,Mailed check,74.4,370.95,Yes
CUST-00667,Female,0,Yes,No,52,Yes,No,Fiber optic,No,No,Yes,Yes,No,No,Month-to-month,No,Bank transfer (automatic),82.92,4419.13,No
CUST-00668,Male,0,Yes,No,32,Yes,No,DSL,No,No,No,Yes,No,Yes,One year,No,Bank transfer (automatic),50.98,1693.05,No
CUST-00669,Female,0,No,No,38,Yes,Yes,Fiber optic,No,No,No,Yes,Yes,Yes,Two year,Yes,Mailed check,91.35,3319.93,No
CUST-00670,Female,0,Yes,No,30,Yes,Yes,Fiber optic,No,No,Yes,No,No,No,One year,No,Credit card (automatic),77.72,2276.4,No
CUST-00671,Female,0,No,No,32,Yes,No,Fiber optic,Yes,Yes,Yes,Yes,Yes,Yes,Two year,No,Credit card (automatic),113.11,3632.86,No
CUST-00672,Female,0,Yes,No,24,No,No phone service,No,No internet service,No internet service,No internet service,No internet service,No internet service,No internet service,Two year,No,Electronic check,20.0,477.99,No
CUST-00673,Female,0,Yes,No,53,Yes,No,Fiber optic,No,Yes,Yes,No,No,Yes,Two year,Yes,Electronic check,89.66,4930.08,No
CUST-00674,Male,0,No,No,10,Yes,No,No,No internet service,No internet service,No internet service,No internet service,No internet service,No internet service,Two year,Yes,Electronic check,25.0,258.39,No
CUST-00675,Male,0,Yes,No,27,Yes,Yes,DSL,Yes,Yes,Yes,No,Yes,Yes,Month-to-month,No,Electronic check,72.91,2013.66,No
CUST-00676,Female,0,No,No,15,Yes,No,DSL,Yes,No,Yes,Yes,Yes,Yes,One year,No,Credit card (automatic),75.62,1132.9,No
CUST-00677,Male,1,No,No,12,No,No phone service,No,No internet service,No internet service,No internet service,No internet service,No internet service,No internet service,Month-to-month,No,Bank transfer (automatic),20.0,263.57,Yes
CUST-00678,Male,0,Yes,No,2,Yes,Yes,DSL,No,Yes,Yes,Yes,No,Yes,Month-to-month,Yes,Bank transfer (automatic),64.72,144.79,Yes
CUST-00679,Female,0,Yes,No,41,Yes,Yes,No,No internet service,No internet service,No internet service,No internet service,No internet service,No internet service,Month-to-month,Yes,Electronic check,25.0,1010.42,No
CUST-00680,Female,0,No,No,8,Yes,No,DSL,No,No,Yes,Yes,Yes,Yes,One year,Yes,Electronic check,73.28,604.51,Yes
CUST-00681,Female,0,Yes,No,11,Yes,No,DSL,No,No,Yes,Yes,No,No,Two year,Yes,Bank transfer (automatic),59.82,668.88,No
CUST-00682,Female,0,No,No,44,No,No phone service,Fiber optic,No,No,No,No,No,No,One year,Yes,Electronic check,61.04,2571.5,Yes
CUST-00683,Male,1,Yes,Yes,21,Yes,No,Fiber optic,No,No,Yes,Yes,Yes,Yes,One year,Yes,Electronic check,98.88,2016.77,Yes
CUST-00684,Male,0,No,No,18,Yes,No,DSL,Yes,No,No,Yes,No,Yes,Month-to-month,Yes,Bank transfer (automatic),62.44,1094.04,No
CUST-00685,Male,0,Yes,Yes,40,Yes,Yes,Fiber optic,No,No,No,No,No,Yes,Month-to-month,No,Credit card (automatic),72.49,3054.29,No
CUST-00686,Female,0,No,Yes,40,Yes,Yes,DSL,Yes,Yes,No,No,Yes,Yes,Month-to-month,Yes,Bank transfer (automatic),69.85,2916.42,Yes
CUST-00687,Male,0,Yes,Yes,21,Yes,No,DSL,No,No,No,Yes,No,Yes,Month-to-month,Yes,Bank transfer (automatic),59.36,1196.86,Yes
CUST-00688,Male,0,No,No,29,Yes,Yes,No,No internet service,No internet service,No internet service,No internet service,No internet service,No internet service,One year,Yes,Electronic check,25.0,770.87,No
CUST-00689,Male,1,No,No,60,Yes,No,No,No internet service,No internet service,No internet service,No internet service,No internet service,No internet service,Month-to-month,No,Bank transfer (automatic),25.0,1553.62,No
CUST-00690,Female,0,Yes,Yes,28,Yes,No,Fiber optic,No,Yes,No,No,Yes,No,Month-to-month,Yes,Electronic check,84.54,2419.35,Yes
CUST-00691,Female,0,No,No,31,Yes,Yes,Fiber optic,No,Yes,No,No,Yes,Yes,Two year,No,Mailed check,94.88,3067.67,No
CUST-00692,Female,0,No,No,31,Yes,No,Fiber optic,No,Yes,Yes,Yes,No,No,Month-to-month,No,Electronic check,86.82,2599.39,Yes
CUST-00693,Female,0,No,No,9,Yes,Yes,DSL,No,No,Yes,No,No,No,Two year,No,Electronic check,52.01,452.65,No
CUST-00694,Female,1,No,No,54,Yes,Yes,Fiber optic,No,No,No,Yes,No,No,Month-to-month,Yes,Electronic check,80.39,4133.23,Yes
CUST-00695,Male,0,Yes,No,49,No,No phone service,No,No internet service,No internet service,No internet service,No internet service,No internet service,No internet service,Month-to-month,No,Electronic check,20.0,952.22,No
CUST-00696,Female,0,Yes,No,59,Yes,No,Fiber optic,Yes,No,No,Yes,No,Yes,Month-to-month,Yes,Bank transfer (automatic),84.96,5066.72,No
CUST-00697,Male,0,Yes,No,5,Yes,No,Fiber optic,No,No,No,No,No,Yes,Month-to-month,Yes,Bank transfer (automatic),71.4,360.18,Yes
CUST-00698,Male,0,No,Yes,25,Yes,Yes,Fiber optic,Yes,No,No,No,No,Yes,Month-to-month,Yes,Bank transfer (automatic),82.73,2103.27,No
CUST-00699,Male,0,Yes,Yes,23,Yes,No,Fiber optic,No,No,Yes,No,No,Yes,Month-to-month,No,Bank transfer (automatic),83.69,1943.07,Yes
CUST-00700,Male,1,No,No,34,Yes,Yes,Fiber optic,No,Yes,No,Yes,Yes,Yes,One year,Yes,Electronic check,96.37,3381.68,No
CUST-00701,Male,1,Yes,No,15,No,No phone service,No,No internet service,No internet service,No internet service,No internet service,No internet service,No internet service,Month-to-month,Yes,Credit card (automatic),20.0,310.99,No
CUST-00702,Male,0,Yes,No,14,Yes,Yes,Fiber optic,No,Yes,No,No,Yes,No,Two year,Yes,Bank transfer (automatic),82.62,1171.24,No
CUST-00703,Male,0,Yes,No,19,Yes,Yes,No,No internet service,No internet service,No internet service,No internet service,No internet service,No internet service,Month-to-month,No,Mailed check,25.0,488.54,Yes
CUST-00704,Male,0,No,No,6,Yes,Yes,No,No internet service,No internet service,No internet service,No internet service,No internet service,No internet service,Month-to-month,No,Bank transfer (automatic),25.0,155.44,Yes
CUST-00705,Female,0,No,No,29,Yes,Yes,Fiber optic,Yes,No,No,No,Yes,Yes,Two year,No,Bank transfer (automatic),86.29,2428.68,No
CUST-00706,Female,1,No,No,48,Yes,No,Fiber optic,No,No,No,No,Yes,Yes,Month-to-month,No,Electronic check,82.31,3920.55,Yes
CUST-00707,Female,0,No,No,40,Yes,No,DSL,No,No,No,Yes,No,Yes,Month-to-month,No,Electronic check,56.39,2244.15,Yes
CUST-00708,Male,0,No,No,9,Yes,Yes,No,No internet service,No internet service,No internet service,No internet service,No internet service,No internet service,One year,Yes,Credit card (automatic),25.0,238.53,No
CUST-00709,Male,0,Yes,No,3,Yes,Yes,DSL,No,No,Yes,No,No,Yes,Month-to-month,Yes,Credit card (automatic),57.64,180.09,No
CUST-00710,Female,0,No,No,30,Yes,No,DSL,No,No,Yes,Yes,No,Yes,One year,No,Electronic check,62.34,1966.41,No
CUST-00711,Female,0,No,No,18,Yes,Yes,No,No internet service,No internet service,No internet service,No internet service,No internet service,No internet service,Month-to-month,No,Electronic check,25.0,432.57,No
CUST-00712,Female,0,Yes,No,27,Yes,Yes,Fiber optic,Yes,No,Yes,Yes,Yes,No,Month-to-month,No,Electronic check,96.74,2510.92,Yes
CUST-00713,Male,0,Yes,No,23,Yes,No,DSL,No,Yes,Yes,Yes,No,No,Month-to-month,Yes,Bank transfer (automatic),62.79,1425.23,Yes
CUST-00714,Female,0,Yes,Yes,33,Yes,Yes,DSL,Yes,No,Yes,No,No,No,Month-to-month,Yes,Credit card (automatic),57.86,1967.61,Yes
CUST-00715,Male,1,Yes,No,4,Yes,No,DSL,No,No,Yes,No,No,No,Two year,No,Credit card (automatic),50.75,207.25,No
CUST-00716,Female,0,No,No,13,Yes,No,DSL,No,Yes,No,No,Yes,No,Month-to-month,Yes,Electronic check,54.56,745.14,Yes
CUST-00717,Male,0,Yes,No,19,No,No phone service,DSL,Yes,No,No,Yes,Yes,Yes,Two year,No,Mailed check,64.12,1200.74,No
CUST-00718,Female,0,Yes,Yes,11,Yes,No,No,No internet service,No internet service,No internet service,No internet service,No internet service,No internet service,One year,Yes,Mailed check,25.0,294.22,No
CUST-00719,Female,0,No,No,27,Yes,No,DSL,No,No,No,No,Yes,Yes,Month-to-month,Yes,Electronic check,60.68,1650.68,Yes
CUST-00720,Female,0,No,No,29,Yes,No,DSL,Yes,No,No,No,Yes,Yes,Month-to-month,Yes,Credit card (automatic),63.87,1884.14,No
CUST-00721,Male,0,Yes,No,11,Yes,Yes,DSL,No,Yes,No,No,No,No,One year,No,Bank transfer (automatic),50.79,568.77,Yes
CUST-00722,Male,0,Yes,Yes,51,Yes,No,DSL,No,Yes,No,Yes,No,Yes,Month-to-month,Yes,Electronic check,59.11,3155.59,No
CUST-00723,Male,0,Yes,No,8,Yes,No,DSL,No,No,No,No,No,No,One year,Yes,Mailed check,47.73,384.87,No
CUST-00724,Female,0,No,No,43,Yes,Yes,Fiber optic,No,Yes,No,No,No,No,Month-to-month,Yes,Bank transfer (automatic),72.8,3265.93,Yes
CUST-00725,Female,0,No,No,6,Yes,Yes,DSL,No,No,Yes,No,Yes,Yes,Two year,Yes,Electronic check,60.18,362.29,Yes
CUST-00726,Male,0,Yes,Yes,18,Yes,No,DSL,No,No,No,No,No,No,Month-to-month,No,Credit card (automatic),45.42,801.57,No
CUST-00727,Female,0,No,No,34,Yes,No,Fiber optic,Yes,Yes,Yes,No,No,No,Month-to-month,Yes,Electronic check,84.0,2935.65,No
CUST-00728,Male,0,Yes,No,37,Yes,Yes,DSL,Yes,Yes,Yes,Yes,No,No,Month-to-month,Yes,Mailed check,67.35,2469.99,No
CUST-00729,Male,0,Yes,No,43,Yes,No,DSL,No,No,Yes,No,Yes,Yes,One year,No,Credit card (automatic),62.49,2591.95,No
CUST-00730,Female,1,No,No,20,Yes,No,DSL,No,No,Yes,Yes,No,No,Month-to-month,No,Electronic check,55.22,1059.2,Yes
CUST-00731,Female,0,Yes,Yes,40,Yes,No,DSL,Yes,No,No,Yes,No,Yes,Month-to-month,No,Bank transfer (automatic),58.46,2248.75,No
CUST-00732,Male,1,Yes,No,34,Yes,Yes,DSL,Yes,No,No,No,No,Yes,Month-to-month,Yes,Credit card (automatic),58.68,2059.54,Yes
CUST-00733,Male,0,No,Yes,32,Yes,Yes,No,No internet service,No internet service,No internet service,No internet service,No internet service,No internet service,Two year,Yes,Mailed check,25.0,775.15,No
CUST-00734,Male,1,No,No,49,Yes,No,Fiber optic,Yes,Yes,No,No,Yes,No,Two year,Yes,Electronic check,87.91,4513.02,No
CUST-00735,Female,0,Yes,No,8,Yes,Yes,Fiber optic,No,No,No,No,No,No,Two year,No,Electronic check,70.56,599.08,No
CUST-00736,Male,0,No,No,32,Yes,No,Fiber optic,No,Yes,Yes,Yes,No,Yes,One year,Yes,Electronic check,97.85,3273.75,No
CUST-00737,Male,0,No,No,21,Yes,No,Fiber optic,No,Yes,No,Yes,No,Yes,Two year,No,Electronic check,93.45,1941.41,No
CUST-00738,Male,1,Yes,No,12,Yes,No,DSL,No,No,No,Yes,Yes,No,Month-to-month,Yes,Credit card (automatic),59.65,741.35,No
CUST-00739,Female,0,No,No,34,Yes,Yes,Fiber optic,No,No,No,No,No,No,Month-to-month,Yes,Electronic check,65.51,2337.51,Yes
CUST-00740,Male,0,Yes,Yes,64,Yes,No,DSL,No,Yes,No,No,No,Yes,Two year,No,Electronic check,55.0,3478.26,No
CUST-00741,Male,0,Yes,No,38,Yes,Yes,DSL,No,Yes,Yes,No,No,No,One year,Yes,Electronic check,56.81,2113.25,No
CUST-00742,Male,0,No,Yes,35,Yes,Yes,Fiber optic,No,Yes,No,Yes,Yes,Yes,Two year,Yes,Credit card (automatic),98.98,3628.7,No
CUST-00743,Female,0,Yes,No,50,Yes,Yes,DSL,Yes,Yes,Yes,Yes,Yes,No,Month-to-month,No,Electronic check,76.8,3677.37,No
CUST-00744,Male,0,Yes,No,6,Yes,No,DSL,Yes,Yes,Yes,No,No,No,One year,Yes,Credit card (automatic),58.0,362.84,Yes
CUST-00745,Female,0,Yes,Yes,33,Yes,No,No,No internet service,No internet service,No internet service,No internet service,No internet service,No internet service,Month-to-month,Yes,Mailed check,25.0,870.23,No
CUST-00746,Female,0,Yes,No,55,Yes,No,No,No internet service,No internet service,No internet service,No internet service,No internet service,No internet service,Two year,No,Credit card (automatic),25.0,1384.15,No
CUST-00747,Female,0,Yes,Yes,37,Yes,No,No,No internet service,No internet service,No internet service,No internet service,No internet service,No internet service,Two year,No,Credit card (automatic),25.0,896.63,No
CUST-00748,Male,0,Yes,No,44,Yes,No,Fiber optic,No,Yes,No,Yes,No,No,Two year,Yes,Electronic check,84.65,3812.77,No
CUST-00749,Male,0,Yes,No,12,Yes,No,No,No internet service,No internet service,No internet service,No internet service,No internet service,No internet service,Month-to-month,Yes,Electronic check,25.0,319.78,Yes
CUST-00750,Male,0,Yes,Yes,36,Yes,Yes,DSL,No,No,No,No,Yes,Yes,Month-to-month,No,Bank transfer (automatic),53.48,1880.42,No
CUST-00751,Male,1,No,Yes,4,Yes,No,DSL,No,Yes,No,No,No,No,Month-to-month,Yes,Credit card (automatic),50.99,233.52,Yes
CUST-00752,Female,0,No,No,34,Yes,Yes,Fiber optic,No,No,No,No,No,Yes,Month-to-month,Yes,Mailed check,79.46,2711.89,Yes
CUST-00753,Male,0,Yes,No,10,Yes,No,Fiber optic,No,No,No,Yes,No,No,One year,Yes,Credit card (automatic),71.97,699.25,No
CUST-00754,Female,0,No,Yes,46,No,No phone service,No,No internet service,No internet service,No internet service,No internet service,No internet service,No internet service,Month-to-month,Yes,Credit card (automatic),20.0,910.71,No
CUST-00755,Female,0,No,No,51,Yes,No,DSL,No,No,No,Yes,Yes,No,One year,No,Credit card (automatic),56.51,3009.64,No
CUST-00756,Female,0,Yes,No,35,Yes,No,DSL,Yes,Yes,No,No,No,No,One year,No,Electronic check,53.43,1799.4,No
CUST-00757,Female,0,Yes,No,14,Yes,Yes,DSL,Yes,No,No,No,No,Yes,Month-to-month,Yes,Credit card (automatic),58.63,829.6,No
CUST-00758,Male,1,No,No,12,Yes,Yes,DSL,No,Yes,No,No,Yes,No,Month-to-month,Yes,Electronic check,58.16,694.44,Yes
CUST-00759,Male,0,Yes,Yes,17,Yes,No,Fiber optic,No,No,No,Yes,No,Yes,Two year,Yes,Electronic check,79.91,1414.8,No
CUST-00760,Male,0,Yes,Yes,13,Yes,No,Fiber optic,No,No,No,Yes,No,No,Month-to-month,No,Electronic check,81.89,1105.41,Yes
CUST-00761,Female,0,No,No,13,Yes,No,DSL,No,No,No,No,No,Yes,Month-to-month,Yes,Electronic check,49.16,623.28,No
CUST-00762,Male,0,No,No,21,Yes,No,Fiber optic,Yes,Yes,No,Yes,No,Yes,One year,No,Mailed check,88.99,1864.59,Yes
CUST-00763,Male,0,Yes,Yes,47,Yes,No,DSL,No,Yes,Yes,No,No,Yes,Month-to-month,Yes,Credit card (automatic),65.2,3162.06,No
CUST-00764,Male,1,No,No,37,Yes,No,No,No internet service,No internet service,No internet service,No internet service,No internet service,No internet service,Month-to-month,No,Electronic check,25.0,973.12,No
CUST-00765,Male,0,Yes,Yes,27,Yes,No,DSL,Yes,Yes,No,No,No,Yes,Month-to-month,Yes,Bank transfer (automatic),63.02,1778.68,No
CUST-00766,Female,1,No,No,31,Yes,No,No,No internet service,No internet service,No internet service,No internet service,No internet service,No internet service,Month-to-month,No,Electronic check,25.0,792.77,No
CUST-00767,Male,1,Yes,No,40,No,No phone service,DSL,No,Yes,No,No,Yes,No,One year,Yes,Bank transfer (automatic),49.81,2105.84,Yes
CUST-00768,Male,0,No,No,47,Yes,No,No,No internet service,No internet service,No internet service,No internet service,No internet service,No internet service,Month-to-month,No,Electronic check,25.0,1198.24,Yes
CUST-00769,Male,0,Yes,Yes,13,No,No phone service,DSL,Yes,No,Yes,Yes,Yes,No,Two year,No,Electronic check,64.69,820.3,No
CUST-00770,Male,0,Yes,No,32,Yes,No,DSL,Yes,Yes,Yes,No,No,Yes,Two year,No,Electronic check,66.98,2251.48,No
CUST-00771,Female,0,Yes,Yes,22,Yes,No,Fiber optic,No,Yes,No,No,Yes,Yes,Month-to-month,No,Electronic check,87.54,2006.46,Yes
CUST-00772,Male,0,No,No,58,Yes,Yes,Fiber optic,No,Yes,Yes,No,Yes,No,Month-to-month,No,Mailed check,84.7,4954.93,No
CUST-00773,Female,0,No,No,36,No,No phone service,DSL,No,Yes,No,No,No,No,Month-to-month,Yes,Electronic check,45.79,1582.67,Yes
CUST-00774,Female,0,No,No,29,Yes,No,Fiber optic,Yes,Yes,No,No,No,Yes,One year,No,Electronic check,90.23,2713.73,Yes
CUST-00775,Female,0,Yes,No,21,Yes,No,Fiber optic,No,No,Yes,No,No,Yes,One year,Yes,Electronic check,82.16,1685.31,No
CUST-00776,Male,0,No,No,22,No,No phone service,DSL,No,Yes,Yes,Yes,No,No,One year,No,Bank transfer (automatic),59.61,1271.44,No
CUST-00777,Female,0,Yes,No,27,Yes,Yes,Fiber optic,No,No,Yes,No,No,Yes,Month-to-month,Yes,Credit card (automatic),78.62,2211.39,Yes
CUST-00778,Male,0,No,No,14,Yes,Yes,Fiber optic,Yes,No,No,No,Yes,Yes,Two year,Yes,Electronic check,85.3,1163.34,No
CUST-00779,Female,1,No,No,22,Yes,No,DSL,No,No,No,No,No,No,Two year,No,Mailed check,46.16,1057.06,No
CUST-00780,Female,0,No,No,53,Yes,No,Fiber optic,Yes,Yes,No,No,Yes,Yes,One year,No,Electronic check,90.82,4857.38,Yes
CUST-00781,Female,0,No,No,33,Yes,No,Fiber optic,No,Yes,No,No,Yes,Yes,Month-to-month,Yes,Electronic check,92.26,3016.91,Yes
CUST-00782,Male,0,Yes,No,29,Yes,No,DSL,No,Yes,Yes,Yes,No,Yes,Month-to-month,No,Credit card (automatic),73.83,2079.68,Yes
CUST-00783,Male,0,Yes,No,21,Yes,No,DSL,No,Yes,No,Yes,Yes,No,Two year,No,Bank transfer (automatic),62.49,1309.64,No
CUST-00784,Female,0,Yes,No,12,Yes,No,Fiber optic,Yes,No,Yes,Yes,Yes,No,Month-to-month,No,Bank transfer (automatic),98.7,1180.58,No
CUST-00785,Male,0,No,No,29,Yes,No,No,No internet service,No internet service,No internet service,No internet service,No internet service,No internet service,One year,Yes,Credit card (automatic),25.0,759.42,No
CUST-00786,Female,0,Yes,Yes,13,Yes,No,Fiber optic,No,No,Yes,No,No,No,Month-to-month,Yes,Credit card (automatic),75.51,1031.49,No
CUST-00787,Male,0,No,No,34,No,No phone service,Fiber optic,Yes,No,No,No,Yes,No,Month-to-month,Yes,Electronic check,80.91,2695.57,Yes
CUST-00788,Female,0,No,No,1,Yes,Yes,DSL,No,No,No,Yes,Yes,No,Month-to-month,Yes,Credit card (automatic),58.01,72.45,Yes
CUST-00789,Male,0,No,No,34,Yes,Yes,Fiber optic,No,No,No,No,Yes,Yes,One year,No,Credit card (automatic),82.27,2905.28,Yes
CUST-00790,Female,0,Yes,Yes,29,Yes,No,DSL,No,No,No,Yes,Yes,Yes,Two year,Yes,Credit card (automatic),66.32,1995.67,No
CUST-00791,Male,0,No,No,11,No,No phone service,DSL,No,No,No,No,Yes,No,Month-to-month,Yes,Electronic check,46.47,533.39,Yes
CUST-00792,Male,0,Yes,No,20,Yes,No,DSL,No,Yes,Yes,No,Yes,No,One year,No,Electronic check,61.15,1191.38,No
CUST-00793,Male,1,No,No,24,Yes,Yes,DSL,Yes,No,No,Yes,Yes,Yes,Month-to-month,No,Electronic check,74.86,1757.15,Yes
CUST-00794,Female,0,No,No,10,No,No phone service,Fiber optic,No,Yes,Yes,Yes,No,Yes,Month-to-month,No,Bank transfer (automatic),87.29,872.68,No
CUST-00795,Male,1,Yes,Yes,50,Yes,Yes,DSL,No,No,No,Yes,No,Yes,One year,No,Credit card (automatic),58.93,3080.79,No
CUST-00796,Male,0,No,No,24,Yes,Yes,DSL,Yes,No,No,Yes,No,Yes,One year,Yes,Bank transfer (automatic),65.4,1511.1,Yes
CUST-00797,Female,1,No,No,58,Yes,No,Fiber optic,No,No,Yes,Yes,Yes,No,One year,Yes,Electronic check,88.43,5162.42,No
CUST-00798,Male,0,No,No,51,Yes,No,No,No internet service,No internet service,No internet service,No internet service,No internet service,No internet service,Month-to-month,No,Mailed check,25.0,1333.45,No
CUST-00799,Female,1,No,No,43,Yes,No,DSL,No,No,Yes,No,Yes,No,Month-to-month,Yes,Electronic check,58.52,2594.15,No
CUST-00800,Female,0,No,No,19,Yes,Yes,Fiber optic,Yes,No,No,No,Yes,No,Month-to-month,Yes,Electronic check,78.82,1570.3,Yes
CUST-00801,Male,0,No,No,19,Yes,Yes,DSL,No,No,No,Yes,No,No,Two year,No,Credit card (automatic),48.15,957.83,No
CUST-00802,Male,0,No,No,29,Yes,No,DSL,Yes,No,Yes,Yes,Yes,No,Two year,Yes,Credit card (automatic),67.13,2007.49,No
CUST-00803,Female,0,No,No,43,Yes,Yes,No,No internet service,No internet service,No internet service,No internet service,No internet service,No internet service,One year,Yes,Credit card (automatic),25.0,1121.71,No
CUST-00804,Female,0,No,No,28,Yes,Yes,No,No internet service,No internet service,No internet service,No internet service,No internet service,No internet service,Month-to-month,Yes,Credit card (automatic),25.0,717.52,No
CUST-00805,Male,0,No,Yes,27,Yes,Yes,Fiber optic,Yes,No,No,No,Yes,Yes,Two year,No,Credit card (automatic),91.95,2609.25,Yes
CUST-00806,Male,1,No,No,44,Yes,No,DSL,Yes,No,Yes,Yes,Yes,Yes,Two year,Yes,Electronic check,70.79,3114.36,No
CUST-00807,Female,0,No,No,34,Yes,No,Fiber optic,No,No,Yes,No,Yes,No,Month-to-month,Yes,Mailed check,77.56,2574.95,Yes
CUST-00808,Female,0,Yes,No,16,Yes,Yes,No,No internet service,No internet service,No internet service,No internet service,No internet service,No internet service,Month-to-month,No,Electronic check,25.0,394.91,Yes
CUST-00809,Male,0,No,Yes,27,Yes,No,DSL,No,No,No,No,No,Yes,Month-to-month,Yes,Electronic check,47.37,1322.81,Yes
CUST-00810,Male,0,Yes,No,49,Yes,No,DSL,Yes,No,Yes,No,No,Yes,One year,No,Mailed check,63.33,3219.41,No
CUST-00811,Female,0,No,No,51,Yes,No,Fiber optic,No,No,No,Yes,No,Yes,One year,Yes,Credit card (automatic),78.42,3950.29,Yes
CUST-00812,Female,0,Yes,No,22,Yes,No,DSL,No,No,No,Yes,Yes,No,Month-to-month,Yes,Mailed check,56.97,1203.79,No
CUST-00813,Female,0,Yes,No,48,Yes,Yes,DSL,No,Yes,No,No,No,Yes,Month-to-month,Yes,Credit card (automatic),59.99,2765.67,No
CUST-00814,Male,0,No,No,22,Yes,Yes,Fiber optic,Yes,Yes,No,No,No,No,One year,Yes,Mailed check,85.92,1961.07,No
CUST-00815,Female,0,Yes,Yes,63,Yes,Yes,Fiber optic,No,Yes,No,No,Yes,No,Month-to-month,Yes,Credit card (automatic),78.83,4999.09,Yes
CUST-00816,Female,0,No,No,49,No,No phone service,DSL,Yes,No,No,No,Yes,Yes,Month-to-month,Yes,Bank transfer (automatic),57.2,2742.52,Yes
CUST-00817,Male,0,No,Yes,30,Yes,Yes,No,No internet service,No internet service,No internet service,No internet service,No internet service,No internet service,Month-to-month,Yes,Mailed check,25.0,780.9,Yes
CUST-00818,Male,0,No,No,0,Yes,No,DSL,No,No,No,No,No,Yes,Month-to-month,No,Mailed check,53.16,7.97,Yes
CUST-00819,Male,0,Yes,Yes,13,Yes,Yes,Fiber optic,Yes,No,Yes,No,No,No,Month-to-month,Yes,Mailed check,77.51,1043.33,Yes
CUST-00820,Male,0,No,No,30,Yes,No,Fiber optic,No,No,Yes,No,Yes,No,One year,Yes,Bank transfer (automatic),82.38,2413.35,No
CUST-00821,Female,0,No,Yes,37,Yes,No,DSL,No,No,Yes,No,No,No,One year,Yes,Electronic check,49.7,1913.23,No
CUST-00822,Male,0,No,No,14,No,No phone service,Fiber optic,No,Yes,Yes,No,No,No,Month-to-month,No,Electronic check,80.63,1126.49,Yes
CUST-00823,Male,0,Yes,No,59,Yes,Yes,DSL,No,No,Yes,No,No,Yes,Two year,Yes,Bank transfer (automatic),59.08,3406.39,No
CUST-00824,Female,0,No,No,12,Yes,No,Fiber optic,Yes,No,No,No,Yes,Yes,Month-to-month,Yes,Credit card (automatic),89.8,1096.06,Yes
CUST-00825,Female,0,Yes,No,17,Yes,No,No,No internet service,No internet service,No internet service,No internet service,No internet service,No internet service,Month-to-month,Yes,Electronic check,25.0,414.43,Yes
CUST-00826,Male,0,No,No,45,Yes,No,No,No internet service,No internet service,No internet service,No internet service,No internet service,No internet service,Month-to-month,No,Credit card (automatic),25.0,1086.17,No
CUST-00827,Male,0,Yes,No,21,Yes,Yes,No,No internet service,No internet service,No internet service,No internet service,No internet service,No internet service,Month-to-month,Yes,Credit card (automatic),25.0,517.19,No
CUST-00828,Male,0,No,No,6,Yes,No,DSL,No,No,No,No,Yes,Yes,Month-to-month,No,Bank transfer (automatic),54.54,334.09,Yes
CUST-00829,Female,0,Yes,No,20,Yes,Yes,DSL,No,No,Yes,No,No,Yes,Month-to-month,No,Electronic check,57.32,1117.62,Yes
CUST-00830,Male,0,Yes,No,4,Yes,No,Fiber optic,No,No,No,No,Yes,Yes,Month-to-month,Yes,Mailed check,81.4,314.57,Yes
CUST-00831,Female,0,No,No,50,Yes,No,Fiber optic,Yes,No,No,No,No,Yes,Month-to-month,Yes,Credit card (automatic),78.39,4112.34,Yes
CUST-00832,Male,0,No,No,23,Yes,Yes,Fiber optic,Yes,No,Yes,Yes,Yes,No,One year,No,Electronic check,90.13,2076.56,No
CUST-00833,Male,0,Yes,No,20,Yes,No,No,No internet service,No internet service,No internet service,No internet service,No internet service,No internet service,Month-to-month,No,Mailed check,25.0,519.6,No
CUST-00834,Female,0,Yes,No,39,Yes,No,No,No internet service,No internet service,No internet service,No internet service,No internet service,No internet service,Two year,Yes,Mailed check,25.0,957.02,No
CUST-00835,Female,0,No,No,22,Yes,No,Fiber optic,No,Yes,Yes,Yes,Yes,No,Month-to-month,Yes,Electronic check,91.08,1926.15,Yes
CUST-00836,Male,1,No,No,25,Yes,No,DSL,No,No,No,No,No,Yes,Month-to-month,Yes,Mailed check,48.72,1186.07,Yes
CUST-00837,Male,0,No,No,27,Yes,No,Fiber optic,No,Yes,No,Yes,No,Yes,Month-to-month,Yes,Electronic check,85.52,2250.39,Yes
CUST-00838,Female,0,No,No,32,Yes,Yes,Fiber optic,Yes,Yes,No,Yes,No,Yes,One year,Yes,Mailed check,87.12,2835.6,No
CUST-00839,Female,1,No,No,39,Yes,No,No,No internet service,No internet service,No internet service,No internet service,No internet service,No internet service,Month-to-month,No,Bank transfer (automatic),25.0,971.32,No
CUST-00840,Female,1,No,No,47,No,No phone service,Fiber optic,No,No,No,No,Yes,Yes,Month-to-month,Yes,Mailed check,78.6,3772.25,Yes
CUST-00841,Female,0,No,No,16,Yes,No,Fiber optic,Yes,Yes,Yes,No,No,Yes,Two year,Yes,Bank transfer (automatic),93.86,1463.64,No
CUST-00842,Female,0,No,No,45,No,No phone service,DSL,No,Yes,Yes,Yes,Yes,Yes,One year,Yes,Mailed check,68.59,3017.84,No
CUST-00843,Female,0,Yes,No,60,Yes,Yes,Fiber optic,No,No,No,No,Yes,Yes,One year,No,Bank transfer (automatic),87.99,5364.07,Yes
CUST-00844,Male,0,Yes,Yes,46,Yes,No,No,No internet service,No internet service,No internet service,No internet service,No internet service,No internet service,Month-to-month,Yes,Credit card (automatic),25.0,1201.19,Yes
CUST-00845,Male,0,No,Yes,39,Yes,No,Fiber optic,No,Yes,No,Yes,Yes,Yes,Month-to-month,Yes,Electronic check,89.94,3476.36,No
CUST-00846,Male,1,Yes,No,10,Yes,No,No,No internet service,No internet service,No internet service,No internet service,No internet service,No internet service,Month-to-month,Yes,Bank transfer (automatic),25.0,245.1,Yes
CUST-00847,Female,0,Yes,Yes,9,Yes,Yes,No,No internet service,No internet service,No internet service,No internet service,No internet service,No internet service,Month-to-month,Yes,Bank transfer (automatic),25.0,237.17,No
CUST-00848,Female,0,Yes,Yes,29,Yes,No,No,No internet service,No internet service,No internet service,No internet service,No internet service,No internet service,One year,Yes,Bank transfer (automatic),25.0,746.67,No
CUST-00849,Male,1,Yes,Yes,44,Yes,Yes,DSL,Yes,Yes,Yes,No,No,Yes,Month-to-month,Yes,Bank transfer (automatic),70.11,3230.01,Yes
CUST-00850,Male,0,Yes,No,51,Yes,Yes,Fiber optic,No,No,No,No,Yes,No,Month-to-month,No,Mailed check,77.83,3836.1,Yes
CUST-00851,Male,0,Yes,No,41,Yes,No,Fiber optic,No,Yes,No,No,No,Yes,Month-to-month,Yes,Electronic check,78.12,3198.7,Yes
CUST-00852,Male,1,No,No,39,Yes,No,No,No internet service,No internet service,No internet service,No internet service,No internet service,No internet service,Month-to-month,Yes,Mailed check,25.0,992.03,No
CUST-00853,Male,0,Yes,Yes,29,Yes,No,Fiber optic,Yes,Yes,Yes,No,Yes,No,One year,No,Electronic check,89.79,2604.86,No
CUST-00854,Female,0,Yes,No,47,Yes,No,Fiber optic,Yes,No,No,No,Yes,No,Month-to-month,Yes,Mailed check,82.79,3865.05,Yes
CUST-00855,Male,0,No,No,11,Yes,Yes,DSL,Yes,No,No,Yes,No,No,Month-to-month,No,Credit card (automatic),57.91,637.92,No
CUST-00856,Female,1,No,No,43,No,No phone service,Fiber optic,No,No,Yes,Yes,Yes,No,Two year,No,Bank transfer (automatic),83.2,3518.88,No
CUST-00857,Female,0,Yes,No,5,Yes,No,Fiber optic,No,No,No,Yes,Yes,No,Month-to-month,No,Mailed check,79.66,395.46,Yes
CUST-00858,Male,0,Yes,No,13,Yes,No,Fiber optic,Yes,No,No,Yes,No,No,Month-to-month,Yes,Electronic check,85.58,1090.23,No
CUST-00859,Male,0,No,No,39,Yes,No,No,No internet service,No internet service,No internet service,No internet service,No internet service,No internet service,Month-to-month,No,Electronic check,25.0,976.26,No
CUST-00860,Male,0,Yes,No,59,Yes,No,DSL,Yes,Yes,Yes,Yes,Yes,Yes,Two year,No,Bank transfer (automatic),79.26,4538.2,No
CUST-00861,Female,0,No,No,37,No,No phone service,Fiber optic,No,No,Yes,Yes,Yes,No,Month-to-month,Yes,Electronic check,82.44,3134.09,No
CUST-00862,Male,0,Yes,No,9,Yes,Yes,DSL,Yes,Yes,No,Yes,No,No,One year,Yes,Bank transfer (automatic),64.94,594.01,No
CUST-00863,Female,0,No,Yes,22,Yes,Yes,Fiber optic,No,No,Yes,No,Yes,Yes,Month-to-month,No,Bank transfer (automatic),86.22,1820.58,Yes
CUST-00864,Female,0,No,No,15,Yes,No,Fiber optic,Yes,Yes,No,No,Yes,No,Two year,Yes,Credit card (automatic),92.22,1350.39,No
CUST-00865,Male,1,Yes,No,28,Yes,Yes,DSL,Yes,No,No,Yes,Yes,Yes,Month-to-month,Yes,Mailed check,73.45,2021.03,Yes
CUST-00866,Female,0,No,No,7,No,No phone service,No,No internet service,No internet service,No internet service,No internet service,No internet service,No internet service,Month-to-month,Yes,Mailed check,20.0,157.8,Yes
CUST-00867,Male,0,Yes,Yes,63,Yes,Yes,DSL,No,No,Yes,Yes,No,Yes,Month-to-month,No,Credit card (automatic),65.41,4237.45,No
CUST-00868,Female,0,No,No,22,Yes,Yes,Fiber optic,No,Yes,Yes,No,Yes,No,Month-to-month,Yes,Bank transfer (automatic),88.71,1984.22,Yes
CUST-00869,Male,0,No,No,8,Yes,No,DSL,No,Yes,No,No,Yes,No,Two year,No,Mailed check,56.17,481.0,No
CUST-00870,Male,1,No,Yes,21,Yes,Yes,No,No internet service,No internet service,No internet service,No internet service,No internet service,No internet service,Two year,Yes,Bank transfer (automatic),25.0,550.26,No
CUST-00871,Female,0,No,No,42,Yes,Yes,Fiber optic,Yes,No,No,No,Yes,No,One year,Yes,Bank transfer (automatic),75.63,3242.0,Yes
CUST-00872,Male,0,Yes,No,28,Yes,No,Fiber optic,Yes,No,Yes,No,Yes,Yes,Month-to-month,No,Bank transfer (automatic),91.54,2552.51,Yes
CUST-00873,Female,0,Yes,No,46,Yes,No,DSL,Yes,No,No,Yes,Yes,Yes,Month-to-month,Yes,Mailed check,69.99,3171.04,No
CUST-00874,Female,0,No,No,54,Yes,Yes,Fiber optic,No,Yes,Yes,Yes,Yes,No,Month-to-month,No,Electronic check,92.05,4818.69,Yes
CUST-00875,Female,0,Yes,Yes,9,Yes,No,DSL,No,Yes,No,Yes,Yes,No,Month-to-month,No,Mailed check,66.36,579.21,Yes
CUST-00876,Male,1,Yes,No,9,Yes,No,DSL,No,No,No,No,No,Yes,Month-to-month,Yes,Electronic check,48.4,461.83,Yes
CUST-00877,Male,0,Yes,No,32,Yes,No,Fiber optic,Yes,No,Yes,Yes,Yes,No,Month-to-month,Yes,Bank transfer (automatic),93.19,2939.7,No
CUST-00878,Male,0,Yes,No,57,Yes,No,Fiber optic,No,Yes,Yes,Yes,No,No,Two year,Yes,Credit card (automatic),83.18,4813.69,No
CUST-00879,Female,0,Yes,No,7,Yes,Yes,DSL,Yes,No,Yes,No,Yes,Yes,Month-to-month,No,Electronic check,63.63,464.93,Yes
CUST-00880,Female,0,Yes,Yes,45,Yes,No,Fiber optic,No,Yes,Yes,No,Yes,No,Two year,No,Electronic check,85.46,3955.57,No
CUST-00881,Male,0,No,Yes,10,Yes,No,Fiber optic,No,No,Yes,No,No,No,Two year,Yes,Mailed check,73.66,784.12,Yes
CUST-00882,Female,0,Yes,No,27,Yes,No,Fiber optic,Yes,Yes,Yes,Yes,No,Yes,Month-to-month,No,Electronic check,104.67,2811.44,Yes
CUST-00883,Male,0,No,No,65,Yes,Yes,DSL,No,Yes,No,Yes,Yes,No,Month-to-month,Yes,Mailed check,60.19,3955.04,Yes
CUST-00884,Female,0,Yes,No,36,Yes,Yes,Fiber optic,Yes,Yes,No,No,No,No,Month-to-month,No,Bank transfer (automatic),82.52,2979.91,Yes
CUST-00885,Male,0,Yes,No,22,Yes,No,Fiber optic,No,Yes,Yes,No,No,Yes,Month-to-month,Yes,Bank transfer (automatic),89.75,1969.39,Yes
CUST-00886,Male,0,No,No,25,Yes,No,No,No internet service,No internet service,No internet service,No internet service,No internet service,No internet service,Two year,Yes,Electronic check,25.0,623.04,No
CUST-00887,Male,0,Yes,No,35,Yes,Yes,DSL,Yes,No,No,Yes,No,No,One year,Yes,Bank transfer (automatic),56.17,2033.88,No
CUST-00888,Female,0,Yes,No,44,Yes,No,Fiber optic,No,Yes,No,Yes,No,No,Month-to-month,No,Bank transfer (automatic),74.65,3218.38,Yes
CUST-00889,Female,1,Yes,No,40,Yes,Yes,Fiber optic,Yes,No,Yes,No,No,Yes,Month-to-month,Yes,Mailed check,91.34,3696.23,No
CUST-00890,Male,0,No,No,29,Yes,No,Fiber optic,No,No,Yes,No,No,Yes,Month-to-month,Yes,Bank transfer (automatic),81.51,2278.52,No
CUST-00891,Female,0,No,No,42,Yes,Yes,Fiber optic,No,No,No,No,No,Yes,Month-to-month,Yes,Mailed check,72.29,3129.85,Yes
CUST-00892,Female,0,Yes,No,45,Yes,Yes,DSL,Yes,No,Yes,No,No,No,One year,No,Electronic check,54.86,2366.78,No
CUST-00893,Female,0,No,Yes,13,Yes,No,Fiber optic,No,No,No,Yes,No,No,Month-to-month,Yes,Bank transfer (automatic),77.04,1033.4,No
CUST-00894,Female,0,No,No,51,Yes,No,DSL,No,No,No,Yes,No,No,One year,No,Mailed check,51.85,2748.4,No
CUST-00895,Female,1,Yes,No,14,Yes,No,Fiber optic,Yes,Yes,Yes,Yes,No,Yes,Month-to-month,No,Credit card (automatic),105.39,1445.13,Yes
CUST-00896,Male,0,Yes,No,50,Yes,Yes,Fiber optic,No,Yes,No,Yes,Yes,No,Month-to-month,No,Mailed check,81.29,4166.4,No
CUST-00897,Female,0,No,No,15,Yes,No,Fiber optic,No,Yes,Yes,Yes,No,No,Two year,Yes,Bank transfer (automatic),89.83,1400.03,No
CUST-00898,Male,0,Yes,No,12,Yes,Yes,Fiber optic,Yes,Yes,No,No,Yes,No,Month-to-month,No,Electronic check,85.59,993.51,No
CUST-00899,Female,0,Yes,No,34,Yes,No,No,No internet service,No internet service,No internet service,No internet service,No internet service,No internet service,Month-to-month,Yes,Bank transfer (automatic),25.0,882.29,No
CUST-00900,Male,0,No,No,32,Yes,No,No,No internet service,No internet service,No internet service,No internet service,No internet service,No internet service,One year,No,Electronic check,25.0,830.46,No
CUST-00901,Male,0,No,No,11,Yes,Yes,Fiber optic,Yes,No,No,No,No,No,Two year,No,Electronic check,72.91,810.58,No
CUST-00902,Female,0,No,No,26,Yes,Yes,No,No internet service,No internet service,No internet service,No internet service,No internet service,No internet service,Month-to-month,No,Bank transfer (automatic),25.0,692.53,Yes
CUST-00903,Female,0,Yes,No,51,Yes,No,DSL,No,No,No,No,No,Yes,Month-to-month,No,Mailed check,50.53,2583.77,No
CUST-00904,Male,0,Yes,No,5,Yes,No,Fiber optic,Yes,No,No,No,No,No,One year,No,Mailed check,76.77,409.14,No
CUST-00905,Male,0,No,No,39,Yes,No,Fiber optic,No,No,Yes,No,No,Yes,Month-to-month,No,Electronic check,76.43,3112.95,No
CUST-00906,Female,0,No,No,6,Yes,No,Fiber optic,No,No,No,Yes,No,Yes,Month-to-month,No,Credit card (automatic),76.51,476.16,Yes
CUST-00907,Female,0,Yes,Yes,27,Yes,No,Fiber optic,No,Yes,Yes,No,No,Yes,Month-to-month,No,Mailed check,92.64,2431.33,Yes
CUST-00908,Male,1,No,No,22,Yes,Yes,Fiber optic,No,No,No,No,No,Yes,Month-to-month,No,Bank transfer (automatic),80.12,1747.2,Yes
CUST-00909,Female,0,No,No,41,Yes,Yes,DSL,No,Yes,No,No,No,No,One year,Yes,Credit card (automatic),51.75,2210.94,No
CUST-00910,Male,0,No,No,59,Yes,Yes,Fiber optic,No,No,Yes,No,No,No,Two year,Yes,Electronic check,79.47,4842.57,No
CUST-00911,Female,0,No,No,33,Yes,Yes,Fiber optic,No,Yes,Yes,Yes,No,No,One year,Yes,Mailed check,89.54,2988.6,No
CUST-00912,Female,0,No,No,24,No,No phone service,DSL,Yes,Yes,No,No,Yes,No,One year,No,Bank transfer (automatic),58.64,1354.45,Yes
CUST-00913,Female,0,No,No,29,Yes,No,DSL,No,Yes,Yes,No,Yes,No,Two year,Yes,Mailed check,64.91,1933.58,No
CUST-00914,Male,0,No,No,38,Yes,Yes,Fiber optic,No,No,Yes,Yes,Yes,No,Month-to-month,No,Electronic check,92.03,3585.05,Yes
CUST-00915,Male,0,Yes,No,42,No,No phone service,Fiber optic,No,No,No,No,Yes,Yes,Month-to-month,No,Electronic check,74.95,3204.54,Yes
CUST-00916,Male,0,Yes,No,14,Yes,No,No,No internet service,No internet service,No internet service,No internet service,No internet service,No internet service,One year,Yes,Electronic check,25.0,371.85,No
CUST-00917,Male,0,No,No,28,Yes,No,Fiber optic,Yes,Yes,No,No,No,Yes,Two year,Yes,Credit card (automatic),86.49,2357.63,No
CUST-00918,Female,0,Yes,No,32,Yes,Yes,Fiber optic,Yes,No,Yes,Yes,No,No,One year,Yes,Credit card (automatic),94.69,3065.59,Yes
CUST-00919,Male,0,No,No,55,No,No phone service,No,No internet service,No internet service,No internet service,No internet service,No internet service,No internet service,Two year,Yes,Electronic check,20.0,1065.82,No
CUST-00920,Male,0,No,No,12,Yes,No,Fiber optic,No,No,No,No,No,No,Two year,Yes,Mailed check,67.92,858.41,Yes
CUST-00921,Male,1,Yes,Yes,7,Yes,Yes,Fiber optic,No,No,No,Yes,Yes,Yes,One year,No,Electronic check,86.83,630.82,Yes
CUST-00922,Female,0,Yes,No,12,Yes,Yes,DSL,Yes,Yes,No,Yes,Yes,Yes,Month-to-month,Yes,Electronic check,70.01,811.77,No
CUST-00923,Female,0,No,No,26,No,No phone service,DSL,No,Yes,No,Yes,No,No,One year,Yes,Mailed check,48.17,1211.15,No
CUST-00924,Female,0,Yes,No,10,Yes,Yes,No,No internet service,No internet service,No internet service,No internet service,No internet service,No internet service,One year,Yes,Mailed check,25.0,241.73,No
CUST-00925,Female,0,Yes,Yes,41,Yes,No,No,No internet service,No internet service,No internet service,No internet service,No internet service,No internet service,Month-to-month,Yes,Electronic check,25.0,1033.17,No
CUST-00926,Female,0,No,No,15,Yes,No,Fiber optic,No,No,No,Yes,No,No,Month-to-month,No,Credit card (automatic),72.38,1068.13,No
CUST-00927,Female,0,Yes,No,69,Yes,Yes,No,No internet service,No internet service,No internet service,No internet service,No internet service,No internet service,Month-to-month,Yes,Bank transfer (automatic),25.0,1660.1,Yes
CUST-00928,Female,0,No,No,6,No,No phone service,Fiber optic,No,Yes,No,No,Yes,Yes,One year,Yes,Mailed check,83.11,531.07,Yes
CUST-00929,Male,0,No,No,11,Yes,No,DSL,Yes,No,No,No,Yes,No,Month-to-month,Yes,Electronic check,55.03,616.46,No
CUST-00930,Female,0,No,No,29,Yes,No,DSL,No,No,No,Yes,No,Yes,Month-to-month,Yes,Electronic check,56.26,1628.42,No
CUST-00931,Male,0,No,Yes,4,Yes,Yes,DSL,No,No,Yes,No,No,No,Two year,Yes,Electronic check,52.86,215.82,No
CUST-00932,Male,1,No,No,45,No,No phone service,Fiber optic,No,Yes,Yes,No,No,No,Month-to-month,Yes,Electronic check,77.08,3587.34,Yes
CUST-00933,Male,1,No,No,36,Yes,Yes,DSL,Yes,No,No,No,Yes,No,Month-to-month,Yes,Bank transfer (automatic),53.78,1993.17,No
CUST-00934,Female,1,No,Yes,42,No,No phone service,Fiber optic,No,Yes,No,No,Yes,No,Month-to-month,No,Credit card (automatic),76.84,3298.51,Yes
CUST-00935,Female,1,Yes,No,25,Yes,No,DSL,No,No,No,No,No,No,Month-to-month,Yes,Bank transfer (automatic),44.17,1146.85,Yes
CUST-00936,Male,0,No,No,15,Yes,Yes,Fiber optic,No,Yes,No,Yes,No,Yes,Month-to-month,Yes,Electronic check,89.86,1426.0,Yes
CUST-00937,Male,0,No,No,3,Yes,No,No,No internet service,No internet service,No internet service,No internet service,No internet service,No internet service,Month-to-month,Yes,Electronic check,25.0,91.63,Yes
CUST-00938,Female,0,Yes,No,48,Yes,No,Fiber optic,No,No,Yes,No,No,No,Month-to-month,Yes,Bank transfer (automatic),73.52,3491.01,No
CUST-00939,Female,1,No,No,39,No,No phone service,No,No internet service,No internet service,No internet service,No internet service,No internet service,No internet service,Month-to-month,No,Bank transfer (automatic),20.0,797.16,Yes
CUST-00940,Male,1,Yes,No,32,Yes,Yes,No,No internet service,No internet service,No internet service,No internet service,No internet service,No internet service,Month-to-month,Yes,Bank transfer (automatic),25.0,843.39,Yes
CUST-00941,Female,0,No,Yes,14,Yes,No,Fiber optic,Yes,No,Yes,No,No,Yes,One year,Yes,Bank transfer (automatic),85.32,1180.93,No
CUST-00942,Female,0,Yes,No,64,Yes,Yes,No,No internet service,No internet service,No internet service,No internet service,No internet service,No internet service,Two year,Yes,Mailed check,25.0,1621.91,No
CUST-00943,Female,0,No,Yes,39,Yes,No,No,No internet service,No internet service,No internet service,No internet service,No internet service,No internet service,Month-to-month,Yes,Bank transfer (automatic),25.0,1017.0,Yes
CUST-00944,Male,0,Yes,No,27,Yes,No,DSL,Yes,Yes,No,No,No,No,Month-to-month,No,Bank transfer (automatic),57.77,1560.61,Yes
CUST-00945,Male,0,Yes,No,48,Yes,Yes,Fiber optic,No,No,Yes,No,No,No,Month-to-month,Yes,Mailed check,78.97,3876.95,Yes
CUST-00946,Female,0,No,No,50,Yes,No,Fiber optic,No,Yes,No,No,Yes,No,Two year,Yes,Electronic check,82.82,4336.37,No
CUST-00947,Female,0,No,No,25,No,No phone service,DSL,No,Yes,No,No,Yes,Yes,Two year,No,Mailed check,61.19,1606.55,No
CUST-00948,Female,0,No,No,37,Yes,Yes,DSL,Yes,No,No,No,No,Yes,Month-to-month,No,Bank transfer (automatic),54.87,2106.16,No
CUST-00949,Female,0,Yes,No,39,Yes,No,Fiber optic,No,No,Yes,No,Yes,Yes,Month-to-month,Yes,Credit card (automatic),83.52,3341.86,No
CUST-00950,Male,0,Yes,No,43,Yes,No,DSL,No,No,No,No,No,No,Month-to-month,Yes,Credit card (automatic),47.8,2141.39,No
CUST-00951,Female,0,No,No,15,No,No phone service,No,No internet service,No internet service,No internet service,No internet service,No internet service,No internet service,Two year,No,Mailed check,20.0,310.12,No
CUST-00952,Male,1,No,No,25,Yes,Yes,DSL,No,Yes,No,No,No,Yes,Month-to-month,No,Bank transfer (automatic),57.7,1448.24,Yes
CUST-00953,Male,0,No,No,44,No,No phone service,Fiber optic,No,Yes,No,No,No,No,Month-to-month,Yes,Mailed check,74.84,3155.42,Yes
CUST-00954,Female,0,Yes,No,40,Yes,No,DSL,Yes,Yes,No,No,Yes,No,Month-to-month,Yes,Electronic check,65.48,2604.94,No
CUST-00955,Female,0,No,No,29,Yes,Yes,No,No internet service,No internet service,No internet service,No internet service,No internet service,No internet service,Month-to-month,No,Electronic check,25.0,754.86,Yes
CUST-00956,Male,0,Yes,No,29,Yes,Yes,DSL,Yes,Yes,No,Yes,No,No,Month-to-month,Yes,Bank transfer (automatic),64.98,1830.9,No
CUST-00957,Male,0,No,No,1,Yes,Yes,DSL,No,No,No,No,Yes,No,Month-to-month,Yes,Electronic check,51.1,54.77,Yes
CUST-00958,Female,0,Yes,No,44,Yes,No,Fiber optic,No,No,Yes,No,No,No,Month-to-month,Yes,Bank transfer (automatic),79.67,3670.97,Yes
CUST-00959,Female,0,No,No,10,Yes,No,DSL,Yes,No,No,No,No,No,Month-to-month,Yes,Electronic check,49.35,523.19,No
CUST-00960,Male,0,No,No,39,Yes,No,Fiber optic,Yes,No,Yes,No,Yes,Yes,Month-to-month,No,Mailed check,85.08,3426.41,Yes
CUST-00961,Male,0,No,No,33,Yes,No,Fiber optic,No,Yes,No,Yes,No,No,Month-to-month,Yes,Bank transfer (automatic),81.6,2726.0,Yes
CUST-00962,Male,0,No,No,1,Yes,Yes,Fiber optic,Yes,No,Yes,No,Yes,No,Two year,Yes,Bank transfer (automatic),90.64,99.62,No
CUST-00963,Male,1,Yes,Yes,40,No,No phone service,Fiber optic,No,Yes,Yes,Yes,No,Yes,One year,Yes,Electronic check,86.52,3515.54,Yes
CUST-00964,Female,0,Yes,No,15,Yes,Yes,Fiber optic,No,No,Yes,No,Yes,Yes,Two year,No,Credit card (automatic),83.93,1265.09,No
CUST-00965,Female,1,No,No,5,Yes,Yes,No,No internet service,No internet service,No internet service,No internet service,No internet service,No internet service,Month-to-month,No,Electronic check,25.0,137.89,Yes
CUST-00966,Female,0,No,No,35,No,No phone service,Fiber optic,No,Yes,No,No,Yes,Yes,Month-to-month,Yes,Bank transfer (automatic),81.08,2876.4,No
CUST-00967,Male,0,Yes,No,30,No,No phone service,Fiber optic,No,Yes,No,No,Yes,No,One year,No,Credit card (automatic),74.34,2267.6,No
CUST-00968,Male,0,No,No,15,Yes,No,Fiber optic,No,No,Yes,No,No,Yes,One year,No,Credit card (automatic),82.63,1245.91,Yes
CUST-00969,Male,0,Yes,No,5,Yes,No,Fiber optic,No,No,Yes,No,Yes,No,One year,Yes,Credit card (automatic),85.96,431.65,Yes
CUST-00970,Male,0,Yes,No,28,Yes,No,Fiber optic,Yes,No,No,No,No,No,Month-to-month,Yes,Electronic check,73.2,1983.61,Yes
CUST-00971,Male,0,Yes,No,6,Yes,No,Fiber optic,No,Yes,No,No,Yes,No,Month-to-month,No,Electronic check,80.59,478.24,Yes
CUST-00972,Male,0,Yes,Yes,12,Yes,No,DSL,No,No,Yes,No,Yes,Yes,One year,No,Mailed check,58.69,709.49,No
CUST-00973,Female,0,Yes,No,26,Yes,Yes,DSL,No,No,Yes,No,No,Yes,Month-to-month,No,Credit card (automatic),54.89,1460.56,No
CUST-00974,Female,0,Yes,No,8,Yes,Yes,Fiber optic,Yes,No,Yes,Yes,No,No,Month-to-month,No,Electronic check,82.89,653.96,Yes
CUST-00975,Female,0,No,No,37,Yes,No,Fiber optic,No,Yes,No,No,No,Yes,Month-to-month,Yes,Mailed check,79.31,2995.61,Yes
CUST-00976,Male,0,No,No,19,Yes,No,Fiber optic,Yes,No,Yes,No,No,Yes,Month-to-month,Yes,Electronic check,89.32,1758.44,Yes
CUST-00977,Female,1,No,No,62,Yes,Yes,No,No internet service,No internet service,No internet service,No internet service,No internet service,No internet service,One year,No,Electronic check,25.0,1613.51,No
CUST-00978,Male,0,No,No,18,Yes,No,Fiber optic,No,No,Yes,No,No,No,Month-to-month,Yes,Electronic check,75.02,1391.34,Yes
CUST-00979,Female,0,No,No,22,Yes,No,No,No internet service,No internet service,No internet service,No internet service,No internet service,No internet service,One year,No,Mailed check,25.0,569.6,No
CUST-00980,Male,0,Yes,Yes,22,Yes,No,Fiber optic,Yes,No,Yes,No,No,No,One year,No,Electronic check,87.43,1999.37,Yes
CUST-00981,Female,0,No,No,32,Yes,Yes,DSL,No,No,Yes,Yes,No,No,Two year,Yes,Credit card (automatic),53.92,1763.64,No
CUST-00982,Male,0,No,No,34,Yes,Yes,No,No internet service,No internet service,No internet service,No internet service,No internet service,No internet service,One year,Yes,Credit card (automatic),25.0,884.44,No
CUST-00983,Female,0,No,Yes,6,Yes,Yes,No,No internet service,No internet service,No internet service,No internet service,No internet service,No internet service,One year,Yes,Electronic check,25.0,148.05,No
CUST-00984,Female,0,No,No,12,Yes,No,Fiber optic,No,Yes,No,No,Yes,No,Month-to-month,No,Credit card (automatic),75.14,937.69,Yes
CUST-00985,Female,0,Yes,No,37,Yes,No,DSL,No,No,No,Yes,No,No,One year,Yes,Credit card (automatic),49.86,1895.73,No
CUST-00986,Female,0,Yes,No,8,Yes,No,No,No internet service,No internet service,No internet service,No internet service,No internet service,No internet service,Two year,Yes,Bank transfer (automatic),25.0,215.64,No
CUST-00987,Female,0,Yes,No,45,Yes,No,Fiber optic,No,Yes,No,No,No,Yes,Two year,Yes,Electronic check,83.28,3823.14,No
CUST-00988,Female,0,No,No,58,Yes,No,No,No internet service,No internet service,No internet service,No internet service,No internet service,No internet service,Month-to-month,Yes,Electronic check,25.0,1536.83,No
CUST-00989,Male,0,Yes,Yes,30,Yes,No,Fiber optic,No,Yes,No,Yes,No,Yes,Month-to-month,Yes,Mailed check,89.05,2582.91,Yes
CUST-00990,Male,0,Yes,No,38,Yes,No,Fiber optic,Yes,No,No,Yes,No,No,Month-to-month,No,Electronic check,85.04,3091.96,Yes
CUST-00991,Male,0,Yes,No,52,Yes,Yes,Fiber optic,No,No,No,Yes,Yes,Yes,Two year,Yes,Electronic check,87.68,4749.22,Yes
CUST-00992,Male,1,No,No,4,Yes,No,DSL,Yes,No,No,No,No,Yes,Month-to-month,No,Bank transfer (automatic),52.43,233.11,Yes
CUST-00993,Female,0,Yes,No,18,Yes,No,DSL,No,No,No,Yes,Yes,No,Month-to-month,No,Mailed check,58.36,1075.26,No
CUST-00994,Male,0,Yes,Yes,36,Yes,Yes,DSL,Yes,No,No,No,No,No,One year,Yes,Electronic check,49.22,1759.92,No
CUST-00995,Female,0,No,No,15,Yes,No,Fiber optic,No,No,No,Yes,No,Yes,Two year,Yes,Bank transfer (automatic),87.75,1362.36,No
CUST-00996,Male,0,No,No,61,Yes,Yes,No,No internet service,No internet service,No internet service,No internet service,No internet service,No internet service,One year,Yes,Credit card (automatic),25.0,1579.44,No
CUST-00997,Female,0,No,No,45,Yes,No,Fiber optic,Yes,No,Yes,No,Yes,Yes,One year,Yes,Mailed check,98.53,4419.0,Yes
CUST-00998,Female,1,No,No,40,Yes,Yes,No,No internet service,No internet service,No internet service,No internet service,No internet service,No internet service,Two year,Yes,Bank transfer (automatic),25.0,1024.81,No
CUST-00999,Female,0,Yes,No,37,No,No phone service,Fiber optic,Yes,No,No,Yes,No,Yes,Two year,No,Bank transfer (automatic),78.15,2972.49,No
CUST-01000,Male,0,Yes,No,32,Yes,Yes,No,No internet service,No internet service,No internet service,No internet service,No internet service,No internet service,Month-to-month,No,Mailed check,25.0,790.11,No
CUST-01001,Female,0,Yes,No,12,No,No phone service,Fiber optic,Yes,No,No,Yes,No,No,Month-to-month,Yes,Electronic check,80.0,992.32,No
CUST-01002,Male,0,Yes,Yes,35,Yes,No,DSL,No,No,No,No,Yes,Yes,Month-to-month,Yes,Bank transfer (automatic),54.82,1999.4,No
CUST-01003,Female,0,No,No,39,Yes,Yes,No,No internet service,No internet service,No internet service,No internet service,No internet service,No internet service,Month-to-month,No,Electronic check,25.0,1020.5,No
CUST-01004,Male,0,Yes,No,47,Yes,Yes,DSL,No,Yes,No,Yes,Yes,No,One year,Yes,Electronic check,65.11,3024.92,No
CUST-01005,Female,0,No,No,8,Yes,Yes,Fiber optic,Yes,No,No,Yes,Yes,Yes,Month-to-month,No,Mailed check,97.48,807.66,Yes
CUST-01006,Female,1,Yes,No,47,Yes,Yes,Fiber optic,Yes,No,No,No,Yes,No,Month-to-month,Yes,Mailed check,84.47,4180.65,Yes
CUST-01007,Male,0,No,Yes,52,Yes,Yes,Fiber optic,No,Yes,No,Yes,Yes,No,Two year,Yes,Credit card (automatic),86.59,4475.09,No
CUST-01008,Female,0,No,No,30,Yes,Yes,Fiber optic,No,No,Yes,No,Yes,Yes,Month-to-month,Yes,Credit card (automatic),83.16,2629.57,Yes
CUST-01009,Female,0,Yes,Yes,38,Yes,No,No,No internet service,No internet service,No internet service,No internet service,No internet service,No internet service,Two year,Yes,Bank transfer (automatic),25.0,992.1,No
CUST-01010,Female,0,No,No,5,Yes,Yes,DSL,Yes,Yes,Yes,Yes,No,Yes,Month-to-month,Yes,Electronic check,73.73,362.64,No
CUST-01011,Male,0,No,Yes,52,Yes,Yes,No,No internet service,No internet service,No internet service,No internet service,No internet service,No internet service,Two year,Yes,Credit card (automatic),25.0,1258.98,No
CUST-01012,Male,0,No,No,32,No,No phone service,DSL,No,No,Yes,No,Yes,No,One year,No,Credit card (automatic),54.66,1742.96,No
CUST-01013,Male,0,Yes,No,31,Yes,Yes,DSL,Yes,No,Yes,Yes,No,Yes,Month-to-month,No,Electronic check,66.13,2019.56,Yes
CUST-01014,Male,1,No,No,32,No,No phone service,No,No internet service,No internet service,No internet service,No internet service,No internet service,No internet service,Month-to-month,Yes,Electronic check,20.0,682.86,Yes
CUST-01015,Female,0,No,No,44,Yes,Yes,Fiber optic,No,No,Yes,Yes,Yes,No,Month-to-month,Yes,Electronic check,92.84,4055.58,Yes
CUST-01016,Female,0,Yes,No,25,No,No phone service,DSL,No,Yes,No,Yes,No,No,Month-to-month,Yes,Credit card (automatic),50.6,1295.43,No
CUST-01017,Female,1,No,No,43,Yes,No,DSL,Yes,Yes,No,Yes,No,No,One year,Yes,Credit card (automatic),69.02,2937.99,No
CUST-01018,Female,0,No,No,47,Yes,Yes,No,No internet service,No internet service,No internet service,No internet service,No internet service,No internet service,Month-to-month,No,Bank transfer (automatic),25.0,1137.25,No
CUST-01019,Female,1,Yes,No,7,Yes,Yes,Fiber optic,No,No,No,Yes,Yes,Yes,Two year,No,Bank transfer (automatic),88.43,618.12,Yes
CUST-01020,Female,1,No,Yes,3,Yes,Yes,DSL,No,No,No,No,Yes,Yes,Month-to-month,No,Mailed check,56.66,182.75,Yes
CUST-01021,Female,1,No,No,20,Yes,Yes,Fiber optic,No,No,Yes,No,No,Yes,Two year,Yes,Bank transfer (automatic),85.01,1667.65,Yes
CUST-01022,Female,0,Yes,Yes,30,Yes,No,Fiber optic,No,Yes,Yes,No,No,Yes,Two year,Yes,Electronic check,83.81,2535.52,Yes
CUST-01023,Female,0,No,Yes,26,No,No phone service,Fiber optic,Yes,No,No,No,No,Yes,Month-to-month,No,Electronic check,73.06,1876.95,Yes
CUST-01024,Female,0,No,No,39,Yes,Yes,Fiber optic,Yes,No,Yes,No,Yes,No,Month-to-month,Yes,Mailed check,86.86,3345.85,No
CUST-01025,Male,0,No,No,19,Yes,Yes,Fiber optic,Yes,Yes,No,Yes,No,No,Month-to-month,Yes,Electronic check,80.55,1617.02,No
CUST-01026,Female,1,No,No,46,Yes,Yes,Fiber optic,No,No,Yes,Yes,No,Yes,Month-to-month,Yes,Electronic check,83.14,3655.76,No
CUST-01027,Male,0,Yes,No,43,Yes,No,DSL,Yes,Yes,No,Yes,No,Yes,Two year,Yes,Bank transfer (automatic),70.63,3070.14,No
CUST-01028,Male,0,No,No,54,No,No phone service,DSL,No,Yes,No,No,Yes,Yes,Month-to-month,No,Electronic check,52.13,2911.68,No
CUST-01029,Female,0,No,No,56,Yes,No,Fiber optic,No,No,No,No,No,No,Two year,No,Mailed check,71.58,4066.03,No
CUST-01030,Male,0,No,No,59,Yes,No,Fiber optic,Yes,Yes,No,Yes,No,No,Two year,Yes,Electronic check,81.72,4955.38,No
CUST-01031,Female,1,No,No,45,Yes,Yes,Fiber optic,Yes,No,No,No,No,Yes,Two year,Yes,Bank transfer (automatic),78.1,3502.0,No
CUST-01032,Female,1,No,No,6,Yes,No,DSL,Yes,No,Yes,Yes,No,No,Month-to-month,Yes,Electronic check,63.8,386.61,Yes
CUST-01033,Female,0,Yes,No,42,Yes,No,DSL,No,Yes,No,No,No,No,Month-to-month,No,Mailed check,50.97,2230.91,Yes
CUST-01034,Male,0,Yes,No,54,Yes,Yes,DSL,No,Yes,No,Yes,No,No,One year,Yes,Bank transfer (automatic),60.08,3108.21,No
CUST-01035,Female,0,No,No,13,Yes,Yes,Fiber optic,No,Yes,No,No,No,No,One year,No,Mailed check,81.57,1093.9,No
CUST-01036,Male,0,Yes,No,35,No,No phone service,Fiber optic,No,No,No,Yes,No,No,Month-to-month,Yes,Credit card (automatic),75.17,2732.76,Yes
CUST-01037,Male,0,Yes,No,41,Yes,No,No,No internet service,No internet service,No internet service,No internet service,No internet service,No internet service,Month-to-month,No,Credit card (automatic),25.0,1035.29,Yes
CUST-01038,Male,0,No,No,53,Yes,Yes,DSL,No,No,No,No,Yes,Yes,Two year,Yes,Electronic check,58.12,2963.57,No
CUST-01039,Female,0,No,No,56,No,No phone service,Fiber optic,No,No,No,No,Yes,No,Two year,No,Electronic check,70.91,4163.66,No
CUST-01040,Male,0,No,Yes,46,Yes,No,DSL,No,No,Yes,Yes,Yes,Yes,Month-to-month,No,Mailed check,70.28,3257.49,No
CUST-01041,Female,0,Yes,No,13,Yes,No,No,No internet service,No internet service,No internet service,No internet service,No internet service,No internet service,One year,No,Mailed check,25.0,345.29,No
CUST-01042,Male,1,Yes,No,62,Yes,Yes,Fiber optic,No,Yes,No,No,Yes,Yes,Month-to-month,Yes,Electronic check,84.8,5112.49,Yes
CUST-01043,Female,0,Yes,Yes,40,Yes,No,DSL,No,No,No,No,No,Yes,Month-to-month,Yes,Bank transfer (automatic),49.81,2072.63,Yes
CUST-01044,Male,0,No,No,18,Yes,No,No,No internet service,No internet service,No internet service,No internet service,No internet service,No internet service,Month-to-month,No,Mailed check,25.0,452.02,Yes
CUST-01045,Male,0,Yes,Yes,39,Yes,Yes,DSL,No,No,No,No,Yes,No,One year,Yes,Bank transfer (automatic),49.01,2017.34,Yes
CUST-01046,Male,0,No,No,20,Yes,No,DSL,No,No,No,No,No,Yes,One year,No,Credit card (automatic),52.38,1042.78,Yes
CUST-01047,Female,0,Yes,Yes,50,No,No phone service,Fiber optic,No,No,Yes,No,No,No,Month-to-month,Yes,Electronic check,74.14,3674.78,No
CUST-01048,Male,0,Yes,Yes,38,Yes,No,DSL,No,No,Yes,Yes,No,No,Two year,No,Bank transfer (automatic),53.87,2041.45,No
CUST-01049,Female,1,Yes,No,17,Yes,Yes,No,No internet service,No internet service,No internet service,No internet service,No internet service,No internet service,Month-to-month,Yes,Bank transfer (automatic),25.0,424.3,Yes
CUST-01050,Female,0,Yes,Yes,30,Yes,Yes,DSL,No,No,Yes,Yes,Yes,No,Month-to-month,Yes,Electronic check,68.34,2082.8,No
CUST-01051,Male,0,No,No,26,Yes,Yes,No,No internet service,No internet service,No internet service,No internet service,No internet service,No internet service,Month-to-month,Yes,Bank transfer (automatic),25.0,642.34,Yes
CUST-01052,Female,0,Yes,Yes,7,Yes,Yes,DSL,No,No,Yes,No,Yes,No,One year,Yes,Bank transfer (automatic),52.27,390.61,No
CUST-01053,Female,1,No,No,28,Yes,No,DSL,No,Yes,No,Yes,No,No,Month-to-month,Yes,Mailed check,54.65,1572.75,No
CUST-01054,Male,0,Yes,Yes,22,Yes,No,Fiber optic,No,No,No,Yes,No,Yes,Month-to-month,Yes,Credit card (automatic),78.27,1809.05,No
CUST-01055,Female,1,No,Yes,50,No,No phone service,Fiber optic,No,No,Yes,No,Yes,No,Month-to-month,Yes,Mailed check,75.62,3916.45,Yes
CUST-01056,Male,1,Yes,No,23,Yes,No,Fiber optic,No,Yes,Yes,No,Yes,Yes,Month-to-month,Yes,Mailed check,94.01,2166.87,Yes
CUST-01057,Male,1,No,No,44,Yes,No,Fiber optic,No,No,No,No,No,No,Two year,No,Credit card (automatic),73.56,3156.54,No
CUST-01058,Female,0,Yes,No,36,Yes,No,DSL,No,Yes,No,No,Yes,Yes,One year,Yes,Bank transfer (automatic),68.78,2520.02,No
CUST-01059,Female,0,Yes,Yes,28,Yes,No,DSL,No,Yes,No,No,No,Yes,Month-to-month,Yes,Credit card (automatic),55.02,1574.29,Yes
CUST-01060,Female,0,No,No,43,Yes,No,Fiber optic,No,Yes,Yes,Yes,No,No,Two year,Yes,Mailed check,92.15,3935.65,No
CUST-01061,Female,0,No,Yes,27,Yes,Yes,Fiber optic,No,No,No,Yes,No,Yes,Month-to-month,No,Bank transfer (automatic),82.15,2327.03,Yes
CUST-01062,Female,0,No,No,21,Yes,Yes,DSL,No,No,No,No,No,Yes,Two year,Yes,Mailed check,55.58,1127.01,No
CUST-01063,Male,0,Yes,No,33,Yes,Yes,DSL,No,Yes,No,No,No,No,Month-to-month,No,Electronic check,50.25,1728.97,No
CUST-01064,Male,0,No,No,14,Yes,No,DSL,Yes,Yes,Yes,No,No,No,Month-to-month,Yes,Mailed check,64.86,886.45,No
CUST-01065,Male,0,No,Yes,17,Yes,Yes,Fiber optic,No,No,No,Yes,No,Yes,Month-to-month,Yes,Mailed check,76.88,1343.42,No
CUST-01066,Male,0,Yes,No,24,Yes,No,Fiber optic,No,No,No,Yes,Yes,No,Month-to-month,Yes,Bank transfer (automatic),84.23,2044.84,Yes
CUST-01067,Male,0,Yes,No,12,Yes,Yes,Fiber optic,No,Yes,Yes,No,No,No,Month-to-month,No,Credit card (automatic),85.89,1002.27,No
CUST-01068,Male,0,No,No,37,Yes,No,Fiber optic,No,No,No,No,No,No,Two year,No,Electronic check,73.17,2671.92,No
CUST-01069,Female,0,No,No,43,No,No phone service,No,No internet service,No internet service,No internet service,No internet service,No internet service,No internet service,Month-to-month,Yes,Credit card (automatic),20.0,873.33,Yes
CUST-01070,Female,1,No,No,25,Yes,Yes,Fiber optic,No,Yes,Yes,No,No,No,One year,Yes,Mailed check,82.39,2012.02,Yes
CUST-01071,Female,0,No,No,25,Yes,No,No,No internet service,No internet service,No internet service,No internet service,No internet service,No internet service,Two year,Yes,Bank transfer (automatic),25.0,616.1,No
CUST-01072,Female,0,Yes,No,26,Yes,Yes,No,No internet service,No internet service,No internet service,No internet service,No internet service,No internet service,Month-to-month,Yes,Bank transfer (automatic),25.0,665.69,Yes
CUST-01073,Male,0,No,No,44,Yes,Yes,Fiber optic,Yes,Yes,No,No,Yes,No,Two year,No,Mailed check,86.68,3693.2,No
CUST-01074,Male,0,No,Yes,1,Yes,Yes,Fiber optic,No,No,No,No,No,No,Month-to-month,Yes,Bank transfer (automatic),72.48,78.31,Yes
CUST-01075,Male,0,No,No,56,Yes,Yes,DSL,Yes,No,No,No,Yes,No,Month-to-month,Yes,Mailed check,58.06,3241.67,No
CUST-01076,Female,0,Yes,No,24,Yes,No,DSL,No,No,No,No,Yes,No,Two year,Yes,Electronic check,54.92,1321.94,No
CUST-01077,Female,0,Yes,No,48,Yes,No,DSL,Yes,Yes,No,Yes,No,Yes,Month-to-month,No,Electronic check,68.81,3472.96,Yes
CUST-01078,Male,0,No,No,50,Yes,Yes,Fiber optic,Yes,No,No,Yes,No,No,Two year,No,Electronic check,79.86,3870.31,No
CUST-01079,Male,0,Yes,Yes,34,Yes,Yes,DSL,No,Yes,No,No,No,No,Month-to-month,No,Electronic check,50.41,1724.48,Yes
CUST-01080,Male,0,No,No,47,No,No phone service,Fiber optic,No,No,Yes,Yes,No,No,One year,No,Credit card (automatic),74.05,3631.41,No
CUST-01081,Male,0,No,Yes,36,Yes,Yes,DSL,No,Yes,No,Yes,No,No,One year,Yes,Credit card (automatic),56.72,2084.59,Yes
CUST-01082,Female,0,No,No,9,Yes,Yes,DSL,No,Yes,Yes,No,Yes,Yes,Month-to-month,Yes,Mailed check,75.43,657.78,Yes
CUST-01083,Female,0,Yes,Yes,17,Yes,Yes,DSL,No,No,No,No,Yes,Yes,Month-to-month,No,Mailed check,58.1,969.85,Yes
CUST-01084,Male,0,No,No,14,No,No phone service,DSL,No,No,No,No,No,No,Month-to-month,Yes,Mailed check,37.94,552.05,No
CUST-01085,Female,1,Yes,No,26,Yes,No,DSL,No,No,No,Yes,No,No,Month-to-month,Yes,Mailed check,50.73,1347.29,No
CUST-01086,Female,0,No,No,32,No,No phone service,No,No internet service,No internet service,No internet service,No internet service,No internet service,No internet service,Month-to-month,Yes,Electronic check,20.0,658.84,No
CUST-01087,Female,0,Yes,No,6,Yes,Yes,Fiber optic,Yes,Yes,Yes,No,Yes,No,Month-to-month,No,Electronic check,96.42,593.75,Yes
CUST-01088,Female,1,No,No,26,No,No phone service,Fiber optic,No,No,No,No,Yes,Yes,One year,Yes,Bank transfer (automatic),79.97,2078.55,No
CUST-01089,Female,0,Yes,No,3,Yes,No,Fiber optic,Yes,No,No,Yes,No,Yes,Two year,No,Mailed check,87.16,262.71,Yes
CUST-01090,Female,0,No,No,3,No,No phone service,DSL,Yes,No,Yes,No,No,Yes,Month-to-month,No,Mailed check,58.87,187.76,No
CUST-01091,Male,1,No,No,25,Yes,No,Fiber optic,No,Yes,No,Yes,Yes,Yes,Month-to-month,No,Bank transfer (automatic),94.8,2380.1,Yes
CUST-01092,Female,1,Yes,No,34,Yes,No,DSL,No,Yes,Yes,Yes,Yes,Yes,Month-to-month,Yes,Bank transfer (automatic),75.42,2591.4,No
CUST-01093,Female,0,Yes,Yes,44,Yes,Yes,Fiber optic,Yes,No,No,No,Yes,No,Month-to-month,Yes,Electronic check,81.79,3764.86,Yes
CUST-01094,Male,0,No,No,34,Yes,No,Fiber optic,No,No,Yes,No,Yes,No,Two year,Yes,Bank transfer (automatic),83.3,2856.93,No
CUST-01095,Female,0,Yes,Yes,54,Yes,Yes,No,No internet service,No internet service,No internet service,No internet service,No internet service,No internet service,One year,Yes,Credit card (automatic),25.0,1419.69,No
CUST-01096,Male,0,No,No,28,Yes,Yes,Fiber optic,No,Yes,No,No,No,No,Month-to-month,Yes,Credit card (automatic),70.55,2057.59,Yes
CUST-01097,Male,0,No,No,42,Yes,No,No,No internet service,No internet service,No internet service,No internet service,No internet service,No internet service,Month-to-month,No,Mailed check,25.0,1009.2,No
CUST-01098,Male,1,No,No,30,Yes,No,No,No internet service,No internet service,No internet service,No internet service,No internet service,No internet service,Month-to-month,No,Electronic check,25.0,781.22,Yes
CUST-01099,Male,0,No,No,24,Yes,No,DSL,Yes,No,No,No,No,Yes,Month-to-month,No,Mailed check,55.44,1339.43,No
CUST-01100,Female,1,Yes,No,4,No,No phone service,DSL,No,No,Yes,No,No,No,One year,No,Electronic check,45.56,201.48,Yes
CUST-01101,Female,1,Yes,No,19,Yes,No,No,No internet service,No internet service,No internet service,No internet service,No internet service,No internet service,One year,Yes,Mailed check,25.0,492.87,No
CUST-01102,Female,0,Yes,No,47,Yes,No,Fiber optic,No,Yes,No,No,No,Yes,Two year,No,Electronic check,80.1,3797.71,No
CUST-01103,Male,0,No,No,11,No,No phone service,Fiber optic,No,No,Yes,No,No,No,Two year,No,Bank transfer (automatic),70.48,792.83,Yes
CUST-01104,Male,1,No,No,30,Yes,No,Fiber optic,Yes,Yes,No,Yes,Yes,Yes,Month-to-month,Yes,Credit card (automatic),95.94,2779.05,No
CUST-01105,Female,0,No,No,39,Yes,No,No,No internet service,No internet service,No internet service,No internet service,No internet service,No internet service,Month-to-month,Yes,Mailed check,25.0,957.44,Yes
CUST-01106,Female,0,Yes,No,30,No,No phone service,No,No internet service,No internet service,No internet service,No internet service,No internet service,No internet service,Two year,No,Mailed check,20.0,580.71,No
CUST-01107,Female,0,Yes,No,63,No,No phone service,DSL,No,Yes,No,Yes,Yes,No,Two year,No,Mailed check,54.93,3630.72,No
CUST-01108,Male,0,No,No,49,Yes,No,DSL,Yes,Yes,Yes,No,No,No,One year,No,Credit card (automatic),63.47,3028.16,No
CUST-01109,Male,0,Yes,No,30,Yes,Yes,No,No internet service,No internet service,No internet service,No internet service,No internet service,No internet service,Month-to-month,Yes,Bank transfer (automatic),25.0,751.17,Yes
CUST-01110,Female,0,No,No,62,Yes,No,No,No internet service,No internet service,No internet service,No internet service,No internet service,No internet service,Two year,Yes,Credit card (automatic),25.0,1510.35,No
CUST-01111,Female,0,Yes,No,46,Yes,No,No,No internet service,No internet service,No internet service,No internet service,No internet service,No internet service,Month-to-month,Yes,Credit card (automatic),25.0,1191.57,No
CUST-01112,Male,1,No,No,48,No,No phone service,Fiber optic,Yes,Yes,No,No,Yes,No,Two year,No,Credit card (automatic),83.55,4183.44,No
CUST-01113,Male,0,No,No,50,No,No phone service,Fiber optic,No,No,Yes,No,No,No,Month-to-month,Yes,Mailed check,75.75,3630.14,Yes
CUST-01114,Male,0,No,No,30,Yes,Yes,No,No internet service,No internet service,No internet service,No internet service,No internet service,No internet service,Two year,No,Mailed check,25.0,775.97,No
CUST-01115,Female,0,No,No,25,No,No phone service,DSL,No,No,No,No,No,No,One year,Yes,Bank transfer (automatic),42.32,1078.83,No
CUST-01116,Male,1,No,No,60,Yes,Yes,No,No internet service,No internet service,No internet service,No internet service,No internet service,No internet service,Month-to-month,Yes,Bank transfer (automatic),25.0,1455.87,No
CUST-01117,Male,0,No,No,4,Yes,No,DSL,Yes,No,No,No,No,No,Month-to-month,Yes,Electronic check,49.56,202.16,Yes
CUST-01118,Female,0,No,No,2,Yes,Yes,No,No internet service,No internet service,No internet service,No internet service,No internet service,No internet service,One year,Yes,Electronic check,25.0,59.68,No
CUST-01119,Female,0,Yes,No,11,Yes,No,Fiber optic,No,No,Yes,No,Yes,Yes,Two year,No,Electronic check,89.83,964.55,Yes
CUST-01120,Male,0,Yes,No,8,Yes,No,No,No internet service,No internet service,No internet service,No internet service,No internet service,No internet service,Month-to-month,Yes,Bank transfer (automatic),25.0,204.98,No
CUST-01121,Female,0,Yes,No,28,Yes,Yes,Fiber optic,Yes,No,No,No,No,Yes,Month-to-month,No,Mailed check,85.12,2459.02,Yes
CUST-01122,Female,0,No,No,35,Yes,No,DSL,No,Yes,No,Yes,No,Yes,One year,Yes,Credit card (automatic),67.39,2264.13,Yes
CUST-01123,Male,0,No,No,41,Yes,No,DSL,No,No,Yes,No,No,Yes,Month-to-month,No,Credit card (automatic),55.67,2280.6,No
CUST-01124,Female,0,No,No,25,Yes,No,DSL,No,Yes,No,Yes,Yes,Yes,Two year,No,Bank transfer (automatic),71.76,1773.44,No
CUST-01125,Male,0,No,No,29,Yes,Yes,No,No internet service,No internet service,No internet service,No internet service,No internet service,No internet service,One year,Yes,Electronic check,25.0,705.8,No
CUST-01126,Female,0,No,No,41,Yes,No,Fiber optic,No,No,No,No,No,No,One year,No,Bank transfer (automatic),70.32,2821.26,No
CUST-01127,Male,0,Yes,No,11,Yes,No,Fiber optic,No,No,Yes,Yes,No,Yes,Two year,Yes,Mailed check,90.59,1015.7,No
CUST-01128,Male,1,Yes,No,57,Yes,No,Fiber optic,No,No,No,No,Yes,No,Month-to-month,Yes,Mailed check,72.53,4341.05,No
CUST-01129,Male,1,Yes,No,18,Yes,Yes,No,No internet service,No internet service,No internet service,No internet service,No internet service,No internet service,Month-to-month,No,Mailed check,25.0,479.83,Yes
CUST-01130,Female,0,No,No,22,Yes,No,Fiber optic,No,Yes,No,No,No,No,Two year,Yes,Electronic check,74.46,1602.1,No
CUST-01131,Female,0,No,No,53,Yes,No,Fiber optic,Yes,Yes,No,No,Yes,Yes,Two year,Yes,Credit card (automatic),98.39,5086.11,No
CUST-01132,Male,0,Yes,No,5,Yes,No,Fiber optic,No,Yes,Yes,No,Yes,Yes,Two year,Yes,Electronic check,93.67,464.98,No
CUST-01133,Male,0,Yes,No,32,Yes,No,Fiber optic,No,No,No,Yes,Yes,Yes,Month-to-month,No,Electronic check,92.18,2973.05,No
CUST-01134,Male,0,No,Yes,33,Yes,Yes,Fiber optic,Yes,Yes,Yes,No,No,Yes,Two year,Yes,Credit card (automatic),96.53,3065.17,No
CUST-01135,Male,0,Yes,No,5,Yes,Yes,Fiber optic,No,No,Yes,No,Yes,No,Month-to-month,No,Bank transfer (automatic),84.57,425.84,Yes
CUST-01136,Male,0,No,No,19,Yes,No,No,No internet service,No internet service,No internet service,No internet service,No internet service,No internet service,One year,No,Credit card (automatic),25.0,498.58,No
CUST-01137,Female,1,No,No,29,Yes,Yes,No,No internet service,No internet service,No internet service,No internet service,No internet service,No internet service,One year,No,Credit card (automatic),25.0,758.26,No
CUST-01138,Female,0,No,No,12,Yes,No,Fiber optic,No,No,No,No,No,No,Month-to-month,No,Bank transfer (automatic),73.3,927.17,Yes
CUST-01139,Male,1,Yes,No,4,Yes,No,No,No internet service,No internet service,No internet service,No internet service,No internet service,No internet service,One year,Yes,Electronic check,25.0,109.92,No
CUST-01140,Male,1,No,No,51,Yes,No,Fiber optic,Yes,Yes,No,No,Yes,No,One year,No,Electronic check,80.92,4248.82,Yes
CUST-01141,Male,0,Yes,Yes,66,Yes,No,Fiber optic,Yes,No,No,Yes,No,No,Two year,Yes,Mailed check,80.88,5095.18,No
CUST-01142,Female,0,No,Yes,50,Yes,No,Fiber optic,No,Yes,No,No,Yes,No,Month-to-month,Yes,Electronic check,81.73,4085.01,No
CUST-01143,Male,0,Yes,No,21,Yes,Yes,No,No internet service,No internet service,No internet service,No internet service,No internet service,No internet service,Two year,No,Credit card (automatic),25.0,535.25,No
CUST-01144,Female,0,Yes,No,27,Yes,No,Fiber optic,No,Yes,Yes,No,Yes,No,Month-to-month,Yes,Bank transfer (automatic),94.8,2451.3,No
CUST-01145,Female,0,Yes,Yes,51,No,No phone service,DSL,Yes,Yes,No,No,Yes,Yes,Month-to-month,No,Credit card (automatic),58.83,3111.9,No
CUST-01146,Male,0,No,No,9,Yes,Yes,Fiber optic,No,Yes,No,No,No,No,Month-to-month,No,Credit card (automatic),71.7,683.76,Yes
CUST-01147,Male,0,No,No,12,Yes,No,Fiber optic,No,Yes,No,Yes,Yes,No,One year,Yes,Bank transfer (automatic),84.9,1052.2,Yes
CUST-01148,Male,0,No,No,14,Yes,Yes,Fiber optic,No,No,Yes,No,Yes,Yes,One year,Yes,Bank transfer (automatic),89.39,1329.53,Yes
CUST-01149,Male,1,Yes,No,7,Yes,Yes,DSL,Yes,Yes,No,Yes,No,Yes,Month-to-month,No,Mailed check,64.56,463.9,No
CUST-01150,Female,1,No,Yes,22,Yes,Yes,Fiber optic,No,No,Yes,Yes,No,Yes,One year,No,Bank transfer (automatic),92.13,2056.77,Yes
CUST-01151,Female,0,No,No,17,Yes,No,DSL,No,No,No,No,Yes,Yes,Two year,Yes,Bank transfer (automatic),58.56,994.12,No
CUST-01152,Female,0,Yes,No,17,Yes,No,Fiber optic,Yes,No,No,Yes,No,No,One year,No,Electronic check,81.77,1359.54,No
CUST-01153,Female,0,No,Yes,12,Yes,Yes,DSL,Yes,No,No,No,Yes,Yes,Month-to-month,Yes,Mailed check,60.42,726.21,No
CUST-01154,Female,1,No,No,24,Yes,Yes,DSL,No,No,No,Yes,No,Yes,Month-to-month,Yes,Mailed check,55.94,1407.74,Yes
CUST-01155,Female,0,No,Yes,29,Yes,Yes,No,No internet service,No internet service,No internet service,No internet service,No internet service,No internet service,Month-to-month,No,Electronic check,25.0,771.56,No
CUST-01156,Male,1,No,No,12,Yes,Yes,DSL,No,No,Yes,No,No,No,One year,Yes,Mailed check,49.43,604.64,No
CUST-01157,Female,0,Yes,Yes,30,No,No phone service,Fiber optic,No,No,Yes,No,No,No,One year,Yes,Bank transfer (automatic),69.84,2022.17,No
CUST-01158,Male,0,Yes,No,27,Yes,Yes,Fiber optic,No,Yes,No,No,Yes,No,Month-to-month,Yes,Electronic check,76.9,2179.42,Yes
CUST-01159,Female,0,Yes,Yes,8,Yes,No,Fiber optic,No,No,Yes,No,No,No,Two year,Yes,Electronic check,80.74,666.32,No
CUST-01160,Female,0,Yes,No,39,Yes,Yes,DSL,No,No,No,No,No,No,Month-to-month,No,Mailed check,45.99,1846.25,Yes
CUST-01161,Male,1,No,No,16,Yes,No,Fiber optic,Yes,No,No,No,No,No,Two year,Yes,Bank transfer (automatic),76.92,1252.0,No
CUST-01162,Female,0,Yes,No,31,Yes,No,Fiber optic,No,No,No,Yes,No,Yes,Two year,Yes,Mailed check,87.57,2793.68,No
CUST-01163,Female,0,No,No,13,Yes,No,Fiber optic,No,Yes,No,No,No,No,Two year,No,Electronic check,70.69,917.1,No
CUST-01164,Female,0,No,No,17,Yes,Yes,Fiber optic,No,Yes,No,No,Yes,No,Month-to-month,Yes,Bank transfer (automatic),85.32,1470.94,Yes
CUST-01165,Male,0,Yes,No,54,Yes,Yes,Fiber optic,Yes,No,Yes,Yes,Yes,No,Month-to-month,No,Mailed check,94.6,5326.55,No
CUST-01166,Female,0,No,No,54,Yes,No,DSL,No,No,Yes,No,No,No,Two year,No,Electronic check,51.11,2650.03,No
CUST-01167,Male,0,No,No,18,Yes,No,Fiber optic,No,Yes,Yes,Yes,No,No,One year,No,Electronic check,90.78,1725.12,No
CUST-01168,Male,0,Yes,No,43,Yes,No,Fiber optic,No,No,No,No,Yes,No,Month-to-month,No,Credit card (automatic),75.21,3236.51,Yes
CUST-01169,Female,0,Yes,No,16,Yes,No,DSL,Yes,No,No,No,No,No,Month-to-month,Yes,Credit card (automatic),51.98,850.66,No
CUST-01170,Female,0,No,No,23,Yes,No,DSL,No,No,No,No,No,No,Two year,Yes,Credit card (automatic),45.32,1080.53,No
CUST-01171,Female,0,No,No,38,Yes,No,No,No internet service,No internet service,No internet service,No internet service,No internet service,No internet service,Two year,No,Credit card (automatic),25.0,1008.92,No
CUST-01172,Male,0,No,No,61,Yes,Yes,DSL,No,Yes,Yes,No,No,Yes,One year,Yes,Electronic check,66.24,4235.31,No
CUST-01173,Male,0,No,No,11,Yes,Yes,DSL,No,No,Yes,Yes,No,Yes,One year,Yes,Electronic check,58.98,698.09,Yes
CUST-01174,Male,0,No,No,6,Yes,No,DSL,No,No,No,No,No,No,One year,Yes,Bank transfer (automatic),45.83,280.76,No
CUST-01175,Male,0,No,No,27,Yes,Yes,DSL,No,No,No,No,No,Yes,Month-to-month,Yes,Electronic check,48.38,1330.64,Yes
CUST-01176,Female,0,No,No,24,Yes,No,DSL,No,No,No,Yes,Yes,Yes,Month-to-month,Yes,Electronic check,63.55,1519.69,No
CUST-01177,Male,0,Yes,No,43,Yes,No,Fiber optic,No,Yes,No,No,No,Yes,Month-to-month,Yes,Mailed check,87.71,3688.53,Yes
CUST-01178,Male,0,No,No,20,Yes,No,Fiber optic,No,No,Yes,No,Yes,No,One year,No,Electronic check,80.02,1528.54,Yes
CUST-01179,Male,0,Yes,Yes,16,No,No phone service,No,No internet service,No internet service,No internet service,No internet service,No internet service,No internet service,Two year,No,Electronic check,20.0,325.43,No
CUST-01180,Female,0,Yes,No,21,Yes,No,No,No internet service,No internet service,No internet service,No internet service,No internet service,No internet service,Two year,No,Electronic check,25.0,537.73,No
CUST-01181,Female,0,Yes,No,43,Yes,No,DSL,Yes,Yes,Yes,No,No,No,One year,No,Electronic check,62.63,2662.7,No
CUST-01182,Male,0,No,No,14,Yes,Yes,Fiber optic,No,No,No,No,Yes,Yes,Month-to-month,Yes,Electronic check,79.7,1094.75,Yes
CUST-01183,Female,0,No,No,1,Yes,No,DSL,No,No,No,Yes,No,No,Month-to-month,No,Mailed check,50.33,57.04,Yes
CUST-01184,Male,0,Yes,No,8,Yes,Yes,DSL,No,Yes,No,Yes,No,Yes,Month-to-month,Yes,Credit card (automatic),62.66,494.74,No
CUST-01185,Female,0,No,No,39,No,No phone service,Fiber optic,No,No,Yes,No,Yes,No,Month-to-month,Yes,Electronic check,74.8,2897.74,No
CUST-01186,Female,0,No,No,25,Yes,Yes,No,No internet service,No internet service,No internet service,No internet service,No internet service,No internet service,Month-to-month,No,Electronic check,25.0,648.31,No
CUST-01187,Female,0,No,No,11,Yes,No,DSL,Yes,No,No,No,No,No,One year,Yes,Electronic check,54.72,599.26,No
CUST-01188,Female,0,No,No,50,Yes,No,DSL,Yes,No,Yes,No,Yes,Yes,One year,No,Mailed check,68.06,3576.78,No
CUST-01189,Male,0,Yes,Yes,7,Yes,Yes,Fiber optic,No,Yes,Yes,No,Yes,No,One year,No,Credit card (automatic),94.3,706.41,No
CUST-01190,Male,0,No,No,11,No,No phone service,DSL,No,No,Yes,No,Yes,Yes,Month-to-month,Yes,Electronic check,58.91,686.72,Yes
CUST-01191,Male,0,Yes,Yes,16,No,No phone service,DSL,No,Yes,Yes,No,No,No,Two year,No,Bank transfer (automatic),46.21,749.47,No
CUST-01192,Female,0,Yes,No,17,Yes,No,DSL,Yes,Yes,No,No,Yes,Yes,Month-to-month,Yes,Mailed check,71.8,1196.67,Yes
CUST-01193,Male,0,No,No,5,Yes,No,Fiber optic,Yes,No,No,No,Yes,No,Two year,No,Mailed check,81.41,412.49,No
CUST-01194,Male,1,No,No,26,Yes,No,DSL,No,Yes,No,No,Yes,Yes,Two year,Yes,Bank transfer (automatic),63.64,1628.87,No
CUST-01195,Female,1,No,No,21,Yes,Yes,Fiber optic,No,Yes,No,Yes,Yes,Yes,Month-to-month,No,Mailed check,92.66,2026.03,Yes
CUST-01196,Female,0,Yes,No,4,Yes,No,DSL,No,Yes,No,No,Yes,Yes,Month-to-month,No,Credit card (automatic),64.79,266.48,Yes
CUST-01197,Female,1,No,No,30,Yes,Yes,DSL,No,No,Yes,No,No,Yes,One year,No,Electronic check,59.02,1796.58,No
CUST-01198,Female,1,Yes,No,19,Yes,No,DSL,No,No,No,No,No,Yes,Two year,Yes,Electronic check,48.23,938.44,No
CUST-01199,Female,1,No,No,27,No,No phone service,DSL,No,No,No,Yes,No,No,Month-to-month,No,Electronic check,46.95,1227.92,Yes
CUST-01200,Female,0,No,No,42,Yes,Yes,No,No internet service,No internet service,No internet service,No internet service,No internet service,No internet service,Two year,No,Mailed check,25.0,1080.88,No
CUST-01201,Female,0,No,No,8,Yes,No,Fiber optic,No,No,Yes,No,No,No,One year,No,Mailed check,75.11,639.62,No
CUST-01202,Male,0,Yes,No,12,Yes,Yes,Fiber optic,Yes,Yes,No,Yes,No,No,Month-to-month,Yes,Bank transfer (automatic),91.06,1154.45,Yes
CUST-01203,Female,0,No,No,6,Yes,Yes,DSL,No,Yes,No,No,No,No,One year,No,Bank transfer (automatic),48.22,288.48,No
CUST-01204,Male,1,No,No,19,Yes,No,No,No internet service,No internet service,No internet service,No internet service,No internet service,No internet service,Month-to-month,Yes,Bank transfer (automatic),25.0,475.37,Yes
CUST-01205,Male,1,No,No,22,Yes,Yes,DSL,No,No,Yes,No,No,No,Month-to-month,Yes,Bank transfer (automatic),52.56,1199.12,No
CUST-01206,Female,0,No,No,41,No,No phone service,DSL,Yes,No,No,Yes,No,No,Month-to-month,Yes,Electronic check,49.92,2036.31,No
CUST-01207,Female,0,No,No,38,Yes,Yes,DSL,Yes,No,Yes,No,No,No,Month-to-month,Yes,Electronic check,56.18,2226.88,Yes
CUST-01208,Male,0,No,No,50,No,No phone service,Fiber optic,No,Yes,Yes,No,No,Yes,One year,Yes,Credit card (automatic),79.88,3841.04,No
CUST-01209,Female,0,Yes,No,58,Yes,No,Fiber optic,No,Yes,No,Yes,Yes,Yes,One year,Yes,Bank transfer (automatic),95.78,5445.32,No
CUST-01210,Male,0,Yes,No,39,Yes,No,DSL,No,No,Yes,No,No,Yes,Month-to-month,Yes,Electronic check,54.95,2092.15,Yes
CUST-01211,Female,0,Yes,No,17,Yes,Yes,DSL,No,No,Yes,No,No,No,Month-to-month,No,Electronic check,51.62,864.03,Yes
CUST-01212,Female,0,No,No,27,Yes,No,No,No internet service,No internet service,No internet service,No internet service,No internet service,No internet service,Month-to-month,Yes,Electronic check,25.0,697.96,Yes
CUST-01213,Male,0,No,No,23,Yes,Yes,Fiber optic,Yes,Yes,Yes,Yes,No,Yes,One year,Yes,Electronic check,100.18,2317.66,No
CUST-01214,Male,0,Yes,Yes,31,Yes,Yes,No,No internet service,No internet service,No internet service,No internet service,No internet service,No internet service,Two year,No,Electronic check,25.0,812.95,No
CUST-01215,Male,0,Yes,Yes,41,Yes,Yes,Fiber optic,Yes,Yes,No,Yes,Yes,No,Two year,No,Credit card (automatic),91.92,3874.58,No
CUST-01216,Female,1,No,No,7,Yes,No,No,No internet service,No internet service,No internet service,No internet service,No internet service,No internet service,Month-to-month,No,Bank transfer (automatic),25.0,189.27,No
CUST-01217,Female,0,Yes,No,40,Yes,No,Fiber optic,No,Yes,Yes,Yes,Yes,No,Month-to-month,No,Electronic check,100.66,3899.28,Yes
CUST-01218,Female,0,Yes,No,40,Yes,No,Fiber optic,No,No,Yes,Yes,No,Yes,Two year,Yes,Credit card (automatic),85.17,3468.25,No
CUST-01219,Female,0,Yes,No,31,Yes,No,Fiber optic,No,No,No,No,No,Yes,One year,Yes,Mailed check,69.6,2168.07,No
CUST-01220,Female,1,No,No,25,Yes,No,Fiber optic,No,No,Yes,No,No,No,One year,Yes,Bank transfer (automatic),79.44,2039.19,No
CUST-01221,Female,0,Yes,No,30,Yes,No,Fiber optic,No,Yes,No,No,Yes,No,Month-to-month,No,Credit card (automatic),80.32,2453.85,Yes
CUST-01222,Male,0,No,No,26,Yes,No,Fiber optic,No,No,Yes,No,No,Yes,Month-to-month,No,Electronic check,83.47,2267.53,Yes
CUST-01223,Male,0,No,No,49,Yes,No,DSL,No,No,No,No,No,Yes,Two year,Yes,Credit card (automatic),51.2,2410.06,No
CUST-01224,Male,1,Yes,No,54,Yes,No,No,No internet service,No internet service,No internet service,No internet service,No internet service,No internet service,Month-to-month,Yes,Bank transfer (automatic),25.0,1341.75,No
CUST-01225,Male,1,No,No,55,Yes,Yes,Fiber optic,No,Yes,No,No,No,Yes,Month-to-month,No,Credit card (automatic),81.04,4362.85,Yes
CUST-01226,Male,0,Yes,Yes,5,No,No phone service,Fiber optic,No,Yes,Yes,No,No,Yes,Month-to-month,No,Bank transfer (automatic),86.4,443.59,Yes
CUST-01227,Male,0,No,No,41,Yes,No,No,No internet service,No internet service,No internet service,No internet service,No internet service,No internet service,Two year,Yes,Mailed check,25.0,990.27,No
CUST-01228,Male,0,Yes,No,13,Yes,Yes,Fiber optic,No,Yes,No,No,No,No,Month-to-month,No,Credit card (automatic),78.18,988.17,Yes
CUST-01229,Female,0,No,Yes,42,Yes,No,DSL,No,No,Yes,No,No,Yes,Month-to-month,No,Credit card (automatic),59.01,2479.03,Yes
CUST-01230,Female,0,Yes,No,54,Yes,No,Fiber optic,Yes,Yes,No,No,No,No,One year,No,Bank transfer (automatic),82.82,4468.78,No
CUST-01231,Female,0,No,No,28,Yes,No,No,No internet service,No internet service,No internet service,No internet service,No internet service,No internet service,One year,Yes,Credit card (automatic),25.0,725.93,No
CUST-01232,Female,1,No,No,14,Yes,No,Fiber optic,Yes,No,Yes,No,Yes,No,Month-to-month,Yes,Mailed check,85.01,1181.9,Yes
CUST-01233,Female,0,Yes,Yes,47,Yes,No,DSL,No,No,Yes,No,No,Yes,Month-to-month,No,Bank transfer (automatic),59.36,2802.99,No
CUST-01234,Male,0,No,Yes,18,Yes,Yes,DSL,No,Yes,No,Yes,No,Yes,One year,Yes,Mailed check,65.09,1234.89,Yes
CUST-01235,Male,0,Yes,Yes,11,Yes,No,DSL,No,Yes,No,No,No,Yes,One year,Yes,Electronic check,55.01,629.73,Yes
CUST-01236,Male,0,Yes,Yes,7,Yes,Yes,Fiber optic,No,Yes,No,No,No,No,One year,No,Bank transfer (automatic),73.46,504.88,Yes
CUST-01237,Female,1,No,No,43,Yes,No,Fiber optic,Yes,Yes,No,No,Yes,No,Month-to-month,Yes,Electronic check,88.1,3847.08,No
CUST-01238,Male,0,Yes,No,30,No,No phone service,Fiber optic,Yes,No,No,Yes,Yes,No,Month-to-month,Yes,Credit card (automatic),87.07,2655.2,Yes
CUST-01239,Female,0,Yes,Yes,41,Yes,No,Fiber optic,Yes,No,No,Yes,Yes,No,Two year,No,Credit card (automatic),86.56,3549.99,No
CUST-01240,Male,0,No,No,34,Yes,Yes,No,No internet service,No internet service,No internet service,No internet service,No internet service,No internet service,Month-to-month,Yes,Credit card (automatic),25.0,841.57,Yes
CUST-01241,Female,1,No,No,50,Yes,No,No,No internet service,No internet service,No internet service,No internet service,No internet service,No internet service,Month-to-month,No,Bank transfer (automatic),25.0,1227.07,Yes
CUST-01242,Male,0,No,No,36,Yes,No,Fiber optic,No,No,No,Yes,No,No,One year,No,Mailed check,80.38,2965.77,No
CUST-01243,Female,0,Yes,No,32,Yes,No,Fiber optic,No,Yes,No,No,Yes,Yes,Month-to-month,No,Credit card (automatic),85.3,2852.18,Yes
CUST-01244,Female,0,No,No,7,Yes,No,DSL,No,No,Yes,No,No,No,Month-to-month,Yes,Bank transfer (automatic),49.33,350.85,Yes
CUST-01245,Male,0,No,No,42,Yes,No,DSL,No,No,No,Yes,No,No,One year,No,Bank transfer (automatic),49.79,2189.46,No
CUST-01246,Female,0,Yes,Yes,19,Yes,No,No,No internet service,No internet service,No internet service,No internet service,No internet service,No internet service,Two year,Yes,Mailed check,25.0,482.45,Yes
CUST-01247,Male,1,Yes,Yes,65,Yes,No,Fiber optic,Yes,Yes,No,Yes,No,No,Two year,No,Mailed check,84.83,5627.55,No
CUST-01248,Male,0,Yes,No,20,Yes,Yes,Fiber optic,Yes,No,No,Yes,Yes,Yes,Month-to-month,Yes,Electronic check,95.26,1992.49,No
CUST-01249,Male,0,Yes,No,20,Yes,Yes,DSL,Yes,No,Yes,No,No,Yes,Two year,Yes,Bank transfer (automatic),63.1,1252.72,Yes
CUST-01250,Female,0,Yes,No,22,Yes,Yes,Fiber optic,Yes,No,Yes,No,Yes,No,Month-to-month,Yes,Electronic check,92.86,2007.87,Yes
CUST-01251,Female,1,No,No,34,Yes,No,DSL,No,No,Yes,Yes,Yes,No,One year,No,Bank transfer (automatic),66.83,2333.58,No
CUST-01252,Female,0,No,Yes,27,Yes,No,DSL,Yes,No,No,No,Yes,No,Two year,Yes,Electronic check,57.4,1594.21,No
CUST-01253,Male,0,Yes,Yes,10,Yes,No,No,No internet service,No internet service,No internet service,No internet service,No internet service,No internet service,Two year,Yes,Mailed check,25.0,266.72,No
CUST-01254,Male,0,No,No,40,Yes,No,Fiber optic,No,No,Yes,Yes,No,Yes,Month-to-month,No,Mailed check,82.13,3425.85,Yes
CUST-01255,Male,0,Yes,Yes,50,Yes,No,Fiber optic,No,No,No,No,No,No,Month-to-month,No,Credit card (automatic),69.26,3303.92,No
CUST-01256,Male,0,Yes,No,62,No,No phone service,DSL,Yes,No,Yes,No,No,No,Month-to-month,Yes,Credit card (automatic),48.81,2992.74,No
CUST-01257,Male,0,Yes,No,29,Yes,Yes,Fiber optic,No,No,No,Yes,No,No,Month-to-month,Yes,Electronic check,72.11,2107.88,Yes
CUST-01258,Male,0,No,No,9,Yes,Yes,DSL,Yes,No,No,No,No,No,Two year,Yes,Credit card (automatic),50.44,487.41,Yes
CUST-01259,Female,0,No,No,44,Yes,No,Fiber optic,No,No,No,No,Yes,No,Month-to-month,Yes,Mailed check,75.12,3320.07,Yes
CUST-01260,Female,0,No,No,12,Yes,No,Fiber optic,No,No,Yes,Yes,Yes,No,Month-to-month,No,Bank transfer (automatic),90.39,1104.28,Yes
CUST-01261,Female,1,Yes,No,23,Yes,Yes,No,No internet service,No internet service,No internet service,No internet service,No internet service,No internet service,Month-to-month,Yes,Bank transfer (automatic),25.0,568.5,Yes
CUST-01262,Male,0,Yes,Yes,3,Yes,Yes,DSL,Yes,No,Yes,Yes,Yes,No,Month-to-month,Yes,Mailed check,68.96,220.84,No
CUST-01263,Male,0,No,No,10,Yes,Yes,Fiber optic,No,No,Yes,No,Yes,Yes,One year,Yes,Bank transfer (automatic),89.5,879.0,Yes
CUST-01264,Female,0,No,No,27,Yes,Yes,Fiber optic,No,No,No,No,Yes,No,Two year,Yes,Credit card (automatic),79.15,2061.85,No
CUST-01265,Female,0,No,No,5,Yes,No,Fiber optic,No,No,No,No,No,Yes,One year,Yes,Electronic check,74.61,378.33,No
CUST-01266,Female,1,Yes,Yes,19,Yes,No,DSL,Yes,No,No,No,Yes,Yes,Two year,Yes,Electronic check,61.29,1170.48,No
CUST-01267,Male,0,Yes,Yes,31,Yes,Yes,DSL,Yes,No,No,Yes,No,No,Month-to-month,No,Mailed check,54.75,1695.53,Yes
CUST-01268,Female,0,No,No,31,Yes,No,Fiber optic,No,Yes,No,No,No,Yes,One year,No,Electronic check,86.06,2602.06,No
CUST-01269,Female,0,No,No,15,Yes,Yes,DSL,No,Yes,No,No,No,No,One year,Yes,Bank transfer (automatic),47.68,708.16,No
CUST-01270,Male,0,Yes,No,19,Yes,Yes,Fiber optic,Yes,Yes,Yes,Yes,No,No,Month-to-month,Yes,Credit card (automatic),95.25,1721.74,Yes
CUST-01271,Female,0,No,No,23,Yes,No,No,No internet service,No internet service,No internet service,No internet service,No internet service,No internet service,Two year,Yes,Credit card (automatic),25.0,572.09,Yes
CUST-01272,Male,0,No,No,47,Yes,No,Fiber optic,Yes,Yes,No,No,Yes,No,Month-to-month,No,Mailed check,93.04,4295.33,Yes
CUST-01273,Female,0,Yes,No,18,Yes,No,Fiber optic,No,No,No,No,Yes,No,Month-to-month,No,Bank transfer (automatic),81.1,1458.46,No
CUST-01274,Female,0,No,Yes,24,Yes,No,Fiber optic,No,Yes,No,No,Yes,Yes,Month-to-month,No,Electronic check,84.12,1972.22,Yes
CUST-01275,Male,1,No,No,57,No,No phone service,DSL,No,No,No,No,No,Yes,Month-to-month,No,Bank transfer (automatic),48.25,2668.32,No
CUST-01276,Male,0,No,No,58,Yes,No,DSL,No,No,No,Yes,No,No,Month-to-month,No,Bank transfer (automatic),49.93,2915.13,No
CUST-01277,Male,0,Yes,Yes,43,Yes,Yes,Fiber optic,No,Yes,No,No,No,No,Month-to-month,Yes,Credit card (automatic),75.29,3322.15,Yes
CUST-01278,Female,0,Yes,No,7,Yes,No,DSL,Yes,No,No,No,No,No,Month-to-month,Yes,Mailed check,52.32,389.17,No
CUST-01279,Male,0,Yes,No,11,No,No phone service,DSL,No,Yes,No,Yes,Yes,Yes,One year,Yes,Bank transfer (automatic),59.62,663.76,No
CUST-01280,Male,0,No,No,13,Yes,Yes,Fiber optic,No,Yes,No,Yes,Yes,Yes,One year,No,Electronic check,86.31,1174.92,No
CUST-01281,Male,0,Yes,Yes,33,Yes,Yes,Fiber optic,No,Yes,Yes,Yes,No,Yes,Month-to-month,No,Mailed check,94.04,2952.03,No
CUST-01282,Male,0,Yes,No,27,Yes,No,DSL,No,Yes,Yes,Yes,No,No,Month-to-month,Yes,Mailed check,65.92,1717.4,No
CUST-01283,Female,1,No,No,32,Yes,Yes,Fiber optic,Yes,No,Yes,No,No,No,One year,Yes,Bank transfer (automatic),81.96,2597.69,Yes
CUST-01284,Male,0,Yes,Yes,19,Yes,Yes,Fiber optic,No,Yes,No,No,No,Yes,Two year,Yes,Credit card (automatic),85.56,1578.37,Yes
CUST-01285,Male,0,No,No,61,Yes,No,DSL,No,Yes,No,Yes,No,Yes,One year,Yes,Bank transfer (automatic),58.75,3526.48,No
CUST-01286,Male,0,Yes,No,7,Yes,No,DSL,Yes,Yes,No,Yes,Yes,Yes,One year,No,Electronic check,75.08,539.4,Yes
CUST-01287,Male,0,Yes,No,39,Yes,Yes,Fiber optic,Yes,No,No,No,Yes,Yes,Month-to-month,Yes,Electronic check,89.44,3607.87,Yes
CUST-01288,Female,0,No,No,31,Yes,No,DSL,Yes,Yes,No,No,Yes,Yes,One year,No,Credit card (automatic),65.11,2137.66,No
CUST-01289,Female,0,No,No,24,Yes,Yes,DSL,No,Yes,No,No,No,No,Month-to-month,Yes,Credit card (automatic),52.21,1241.62,Yes
CUST-01290,Male,0,No,No,12,Yes,No,Fiber optic,No,No,Yes,No,Yes,No,One year,Yes,Bank transfer (automatic),86.25,1073.6,Yes
CUST-01291,Female,1,No,No,44,Yes,Yes,Fiber optic,Yes,No,No,Yes,No,Yes,Month-to-month,No,Electronic check,84.3,3695.45,Yes
CUST-01292,Female,0,No,No,66,Yes,Yes,DSL,No,Yes,Yes,No,Yes,No,Month-to-month,Yes,Credit card (automatic),63.41,4169.15,No
CUST-01293,Female,0,Yes,No,8,Yes,Yes,DSL,No,Yes,No,Yes,No,No,Month-to-month,Yes,Bank transfer (automatic),55.58,442.9,Yes
CUST-01294,Male,0,Yes,No,17,Yes,Yes,No,No internet service,No internet service,No internet service,No internet service,No internet service,No internet service,One year,Yes,Credit card (automatic),25.0,449.33,No
CUST-01295,Male,0,No,No,27,Yes,No,DSL,Yes,No,No,No,Yes,Yes,Month-to-month,No,Electronic check,62.28,1750.34,Yes
CUST-01296,Male,1,No,No,24,Yes,No,No,No internet service,No internet service,No internet service,No internet service,No internet service,No internet service,Two year,No,Bank transfer (automatic),25.0,637.89,No
CUST-01297,Female,1,Yes,No,24,Yes,No,No,No internet service,No internet service,No internet service,No internet service,No internet service,No internet service,One year,Yes,Credit card (automatic),25.0,619.86,No
CUST-01298,Female,1,No,No,59,Yes,Yes,Fiber optic,Yes,No,No,No,No,No,Month-to-month,No,Credit card (automatic),75.02,4282.54,Yes
CUST-01299,Male,0,No,No,33,Yes,Yes,No,No internet service,No internet service,No internet service,No internet service,No internet service,No internet service,One year,Yes,Electronic check,25.0,791.01,Yes
CUST-01300,Female,1,Yes,No,13,Yes,No,Fiber optic,No,Yes,No,No,Yes,No,One year,No,Bank transfer (automatic),80.11,1079.09,Yes
CUST-01301,Female,0,No,No,37,Yes,Yes,DSL,Yes,No,Yes,Yes,Yes,No,One year,Yes,Credit card (automatic),71.87,2742.98,No
CUST-01302,Female,0,No,No,46,Yes,Yes,Fiber optic,Yes,Yes,No,No,No,No,Month-to-month,Yes,Electronic check,80.46,3819.74,Yes
CUST-01303,Female,1,Yes,Yes,30,Yes,No,Fiber optic,No,Yes,No,Yes,No,No,Month-to-month,Yes,Credit card (automatic),75.53,2243.95,Yes
CUST-01304,Female,0,No,Yes,26,Yes,Yes,Fiber optic,Yes,No,No,No,No,Yes,Two year,No,Mailed check,85.87,2261.49,No
CUST-01305,Female,0,Yes,Yes,17,Yes,Yes,DSL,No,Yes,No,Yes,No,Yes,Month-to-month,No,Credit card (automatic),59.02,962.85,Yes
CUST-01306,Female,1,Yes,Yes,31,No,No phone service,Fiber optic,No,No,Yes,Yes,No,Yes,Month-to-month,No,Bank transfer (automatic),83.44,2540.44,No
CUST-01307,Male,0,Yes,Yes,34,Yes,No,Fiber optic,No,Yes,No,No,Yes,Yes,Month-to-month,No,Electronic check,86.86,2946.4,Yes
CUST-01308,Female,0,No,No,19,Yes,Yes,No,No internet service,No internet service,No internet service,No internet service,No internet service,No internet service,Month-to-month,No,Electronic check,25.0,483.05,No
CUST-01309,Male,0,Yes,No,15,Yes,No,Fiber optic,Yes,Yes,No,Yes,No,No,Month-to-month,Yes,Credit card (automatic),84.95,1320.96,Yes
CUST-01310,Male,0,No,No,21,Yes,Yes,No,No internet service,No internet service,No internet service,No internet service,No internet service,No internet service,Two year,No,Bank transfer (automatic),25.0,514.85,No
CUST-01311,Female,0,Yes,Yes,28,Yes,No,DSL,No,No,Yes,No,Yes,Yes,Month-to-month,Yes,Electronic check,68.1,1995.6,Yes
CUST-01312,Female,0,Yes,No,28,Yes,Yes,No,No internet service,No internet service,No internet service,No internet service,No internet service,No internet service,Month-to-month,Yes,Electronic check,25.0,692.27,Yes
CUST-01313,Male,0,Yes,No,41,Yes,No,DSL,No,No,Yes,Yes,No,Yes,Month-to-month,Yes,Electronic check,65.19,2761.02,No
CUST-01314,Male,1,No,No,57,Yes,No,Fiber optic,Yes,Yes,No,Yes,No,No,Month-to-month,No,Bank transfer (automatic),87.22,4971.24,No
CUST-01315,Male,0,No,No,36,No,No phone service,DSL,No,No,Yes,No,No,No,Month-to-month,Yes,Mailed check,46.94,1695.12,No
CUST-01316,Male,0,No,No,23,Yes,Yes,Fiber optic,Yes,Yes,No,Yes,Yes,Yes,Month-to-month,Yes,Electronic check,96.68,2322.39,Yes
CUST-01317,Female,0,No,No,28,Yes,Yes,DSL,Yes,No,Yes,No,Yes,No,One year,No,Electronic check,59.65,1644.78,No
CUST-01318,Male,1,Yes,No,57,Yes,Yes,No,No internet service,No internet service,No internet service,No internet service,No internet service,No internet service,One year,No,Electronic check,25.0,1469.53,No
CUST-01319,Female,0,No,No,19,Yes,No,DSL,No,No,No,Yes,No,No,One year,Yes,Bank transfer (automatic),49.95,975.02,No
CUST-01320,Female,1,No,No,49,Yes,No,Fiber optic,No,No,No,No,No,No,Two year,No,Bank transfer (automatic),67.0,3345.35,No
CUST-01321,Male,0,Yes,No,47,Yes,No,DSL,Yes,Yes,Yes,Yes,Yes,No,Month-to-month,Yes,Electronic check,73.59,3513.5,Yes
CUST-01322,Female,0,No,No,56,Yes,No,No,No internet service,No internet service,No internet service,No internet service,No internet service,No internet service,Month-to-month,Yes,Credit card (automatic),25.0,1418.33,No
CUST-01323,Male,1,Yes,No,17,Yes,No,DSL,No,No,No,Yes,No,No,Month-to-month,Yes,Mailed check,47.03,823.1,Yes
CUST-01324,Female,0,No,No,47,No,No phone service,Fiber optic,No,No,No,No,No,No,Month-to-month,No,Bank transfer (automatic),65.64,3199.93,Yes
CUST-01325,Female,0,Yes,No,27,Yes,No,DSL,No,No,No,Yes,No,No,Two year,Yes,Credit card (automatic),53.89,1483.16,No
CUST-01326,Male,0,No,No,31,Yes,Yes,DSL,No,Yes,No,No,Yes,Yes,Month-to-month,Yes,Bank transfer (automatic),62.95,1899.22,No
CUST-01327,Male,0,No,No,11,Yes,Yes,Fiber optic,Yes,No,Yes,No,No,No,Two year,Yes,Mailed check,77.89,880.58,No
CUST-01328,Female,0,No,No,39,Yes,No,DSL,Yes,No,No,Yes,No,No,Month-to-month,Yes,Bank transfer (automatic),57.11,2241.24,Yes
CUST-01329,Male,0,No,No,42,Yes,No,No,No internet service,No internet service,No internet service,No internet service,No internet service,No internet service,One year,Yes,Electronic check,25.0,1102.28,No
CUST-01330,Female,0,Yes,Yes,30,Yes,Yes,DSL,No,No,No,No,Yes,No,Month-to-month,Yes,Electronic check,52.97,1571.06,Yes
CUST-01331,Male,0,Yes,No,28,No,No phone service,DSL,No,Yes,Yes,Yes,No,No,Month-to-month,Yes,Bank transfer (automatic),54.85,1584.2,Yes
CUST-01332,Male,0,No,No,21,No,No phone service,Fiber optic,No,No,No,No,No,Yes,Two year,Yes,Bank transfer (automatic),75.94,1605.86,No
CUST-01333,Male,0,No,No,10,Yes,Yes,No,No internet service,No internet service,No internet service,No internet service,No internet service,No internet service,Two year,No,Electronic check,25.0,241.76,No
CUST-01334,Male,0,Yes,Yes,35,Yes,Yes,Fiber optic,No,No,No,No,Yes,Yes,Month-to-month,Yes,Credit card (automatic),84.01,3035.08,No
CUST-01335,Male,0,No,No,2,Yes,No,DSL,No,Yes,Yes,No,Yes,No,Two year,Yes,Credit card (automatic),62.13,126.47,Yes
CUST-01336,Female,0,No,No,46,Yes,No,Fiber optic,No,Yes,Yes,No,No,No,Month-to-month,Yes,Electronic check,83.26,3744.69,Yes
CUST-01337,Female,0,No,Yes,15,Yes,No,No,No internet service,No internet service,No internet service,No internet service,No internet service,No internet service,Month-to-month,Yes,Electronic check,25.0,383.29,Yes
CUST-01338,Female,0,No,Yes,54,Yes,Yes,Fiber optic,No,Yes,Yes,Yes,Yes,Yes,Month-to-month,No,Credit card (automatic),105.7,5439.52,No
CUST-01339,Male,0,Yes,No,56,Yes,No,Fiber optic,No,No,No,Yes,No,Yes,Month-to-month,Yes,Electronic check,82.29,4644.89,Yes
CUST-01340,Male,0,No,No,59,Yes,Yes,No,No internet service,No internet service,No internet service,No internet service,No internet service,No internet service,Two year,No,Electronic check,25.0,1559.74,No
CUST-01341,Female,0,Yes,No,44,Yes,No,Fiber optic,Yes,Yes,Yes,No,Yes,Yes,Month-to-month,Yes,Credit card (automatic),98.73,4565.9,No
CUST-01342,Female,0,Yes,No,51,Yes,Yes,Fiber optic,No,No,No,No,No,Yes,One year,Yes,Electronic check,79.1,4216.37,Yes
CUST-01343,Female,0,Yes,No,39,Yes,Yes,DSL,No,Yes,Yes,No,No,No,Month-to-month,Yes,Bank transfer (automatic),55.81,2136.56,Yes
CUST-01344,Female,0,Yes,Yes,34,Yes,No,DSL,No,Yes,Yes,Yes,No,Yes,Month-to-month,Yes,Credit card (automatic),65.36,2331.26,Yes
CUST-01345,Female,1,No,No,53,Yes,No,Fiber optic,Yes,No,No,Yes,No,No,Two year,Yes,Bank transfer (automatic),80.94,4137.24,No
CUST-01346,Female,0,No,No,45,Yes,No,DSL,No,Yes,Yes,No,Yes,Yes,Two year,Yes,Electronic check,69.0,3149.47,No
CUST-01347,Female,1,Yes,No,45,Yes,Yes,DSL,Yes,No,Yes,No,Yes,Yes,Month-to-month,No,Electronic check,73.96,3221.07,Yes
CUST-01348,Male,0,No,Yes,40,Yes,No,Fiber optic,Yes,No,Yes,No,No,No,Month-to-month,Yes,Electronic check,84.91,3265.85,Yes
CUST-01349,Male,0,No,No,33,Yes,Yes,Fiber optic,No,No,No,No,No,Yes,One year,Yes,Bank transfer (automatic),75.54,2565.64,Yes
CUST-01350,Male,0,No,No,44,Yes,Yes,No,No internet service,No internet service,No internet service,No internet service,No internet service,No internet service,Month-to-month,No,Credit card (automatic),25.0,1111.14,No
CUST-01351,Female,1,Yes,Yes,25,Yes,No,Fiber optic,No,No,No,Yes,No,Yes,Month-to-month,No,Mailed check,84.59,2213.19,No
CUST-01352,Male,0,No,No,27,Yes,No,DSL,No,Yes,Yes,Yes,Yes,No,Month-to-month,No,Mailed check,68.73,1879.03,Yes
CUST-01353,Female,1,Yes,No,37,No,No phone service,No,No internet service,No internet service,No internet service,No internet service,No internet service,No internet service,One year,Yes,Bank transfer (automatic),20.0,742.63,No
CUST-01354,Male,0,No,Yes,11,Yes,No,Fiber optic,No,Yes,No,Yes,No,No,Month-to-month,Yes,Bank transfer (automatic),85.97,960.6,Yes
CUST-01355,Male,1,Yes,No,31,Yes,No,DSL,No,Yes,No,No,No,Yes,One year,Yes,Bank transfer (automatic),59.26,1816.59,No
CUST-01356,Male,0,Yes,Yes,32,Yes,No,DSL,Yes,No,No,No,No,No,One year,No,Credit card (automatic),49.61,1669.01,No
CUST-01357,Female,0,No,No,23,Yes,Yes,DSL,Yes,Yes,No,Yes,No,No,Month-to-month,Yes,Credit card (automatic),58.46,1315.48,Yes
CUST-01358,Male,0,No,No,42,Yes,No,No,No internet service,No internet service,No internet service,No internet service,No internet service,No internet service,Month-to-month,Yes,Bank transfer (automatic),25.0,1042.56,No
CUST-01359,Female,0,Yes,No,13,Yes,Yes,Fiber optic,No,No,Yes,No,No,Yes,Month-to-month,No,Credit card (automatic),76.95,1030.43,Yes
CUST-01360,Male,1,No,No,3,Yes,Yes,Fiber optic,No,No,Yes,No,Yes,No,Month-to-month,No,Electronic check,84.12,272.79,Yes
CUST-01361,Female,0,No,No,24,No,No phone service,Fiber optic,No,No,No,No,Yes,Yes,Month-to-month,No,Electronic check,78.07,1914.87,No
CUST-01362,Female,1,Yes,No,0,No,No phone service,DSL,Yes,Yes,No,Yes,Yes,No,One year,Yes,Mailed check,65.04,17.63,No
CUST-01363,Female,1,Yes,No,19,Yes,No,DSL,No,No,No,Yes,No,No,Month-to-month,Yes,Electronic check,49.07,905.22,Yes
CUST-01364,Female,0,No,No,55,Yes,No,No,No internet service,No internet service,No internet service,No internet service,No internet service,No internet service,Two year,Yes,Electronic check,25.0,1399.36,No
CUST-01365,Female,1,No,No,5,Yes,No,DSL,No,No,No,No,No,No,Month-to-month,Yes,Electronic check,43.41,225.53,Yes
CUST-01366,Female,0,Yes,No,40,Yes,No,Fiber optic,Yes,No,No,No,No,Yes,Month-to-month,Yes,Credit card (automatic),83.41,3395.32,No
CUST-01367,Male,0,Yes,Yes,1,Yes,No,No,No internet service,No internet service,No internet service,No internet service,No internet service,No internet service,Month-to-month,Yes,Mailed check,25.0,40.94,Yes
CUST-01368,Male,0,No,No,47,Yes,Yes,DSL,No,Yes,Yes,No,Yes,No,Two year,Yes,Electronic check,67.89,3336.61,No
CUST-01369,Female,0,Yes,No,21,Yes,No,DSL,No,No,No,Yes,No,Yes,Two year,Yes,Electronic check,57.29,1248.36,No
CUST-01370,Male,1,No,No,51,Yes,No,Fiber optic,Yes,No,No,No,No,Yes,Month-to-month,No,Credit card (automatic),85.05,4450.85,Yes
CUST-01371,Female,0,No,No,17,Yes,Yes,No,No internet service,No internet service,No internet service,No internet service,No internet service,No internet service,Month-to-month,No,Credit card (automatic),25.0,436.26,Yes
CUST-01372,Female,0,Yes,No,25,Yes,Yes,No,No internet service,No internet service,No internet service,No internet service,No internet service,No internet service,Month-to-month,No,Bank transfer (automatic),25.0,651.04,Yes
CUST-01373,Male,0,No,No,8,Yes,No,No,No internet service,No internet service,No internet service,No internet service,No internet service,No internet service,Two year,No,Credit card (automatic),25.0,225.85,No
CUST-01374,Male,1,No,No,37,Yes,No,No,No internet service,No internet service,No internet service,No internet service,No internet service,No internet service,Month-to-month,No,Electronic check,25.0,976.62,No
CUST-01375,Female,1,No,Yes,25,Yes,No,Fiber optic,Yes,No,Yes,No,No,No,Month-to-month,Yes,Electronic check,80.36,1965.81,Yes
CUST-01376,Male,0,Yes,No,23,Yes,No,No,No internet service,No internet service,No internet service,No internet service,No internet service,No internet service,One year,No,Credit card (automatic),25.0,613.59,No
CUST-01377,Male,0,No,No,44,Yes,No,Fiber optic,Yes,Yes,No,Yes,Yes,Yes,Month-to-month,No,Electronic check,96.66,4291.41,Yes
CUST-01378,Male,0,No,No,49,Yes,Yes,Fiber optic,Yes,No,Yes,Yes,No,No,Month-to-month,No,Credit card (automatic),90.47,4636.16,No
CUST-01379,Male,0,Yes,No,38,Yes,No,Fiber optic,Yes,Yes,Yes,Yes,Yes,No,Month-to-month,No,Bank transfer (automatic),99.44,3806.28,No
CUST-01380,Male,0,Yes,No,37,Yes,No,No,No internet service,No internet service,No internet service,No internet service,No internet service,No internet service,Month-to-month,Yes,Bank transfer (automatic),25.0,930.8,No
CUST-01381,Female,1,Yes,No,24,Yes,Yes,No,No internet service,No internet service,No internet service,No internet service,No internet service,No internet service,Month-to-month,Yes,Electronic check,25.0,595.88,Yes
CUST-01382,Female,0,No,No,24,Yes,Yes,No,No internet service,No internet service,No internet service,No internet service,No internet service,No internet service,Month-to-month,Yes,Credit card (automatic),25.0,593.1,Yes
CUST-01383,Female,0,Yes,No,39,Yes,No,No,No internet service,No internet service,No internet service,No internet service,No internet service,No internet service,Month-to-month,No,Mailed check,25.0,1026.54,No
CUST-01384,Male,0,No,No,21,Yes,Yes,DSL,No,Yes,No,No,No,No,Month-to-month,Yes,Credit card (automatic),52.42,1127.27,Yes
CUST-01385,Female,0,Yes,No,57,Yes,Yes,DSL,No,Yes,No,No,Yes,No,One year,Yes,Bank transfer (automatic),52.5,2997.18,No
CUST-01386,Female,0,Yes,No,33,Yes,Yes,Fiber optic,No,Yes,Yes,No,Yes,No,Month-to-month,Yes,Electronic check,85.57,2735.79,Yes
CUST-01387,Male,0,No,No,6,Yes,No,No,No internet service,No internet service,No internet service,No internet service,No internet service,No internet service,One year,Yes,Electronic check,25.0,166.9,Yes
CUST-01388,Male,0,No,No,28,Yes,No,DSL,No,Yes,Yes,No,Yes,Yes,Month-to-month,Yes,Bank transfer (automatic),68.51,1872.09,Yes
CUST-01389,Female,0,No,No,6,Yes,Yes,DSL,No,No,No,Yes,No,No,Month-to-month,No,Bank transfer (automatic),49.13,316.47,No
CUST-01390,Male,0,Yes,No,50,Yes,No,Fiber optic,No,No,No,Yes,No,Yes,One year,Yes,Bank transfer (automatic),79.61,3857.77,No
CUST-01391,Female,0,No,No,32,Yes,Yes,Fiber optic,Yes,No,No,Yes,No,No,One year,No,Electronic check,87.12,2682.11,No
CUST-01392,Male,0,No,No,27,Yes,No,Fiber optic,No,No,Yes,No,Yes,No,Month-to-month,Yes,Credit card (automatic),76.75,2118.34,Yes
CUST-01393,Male,0,Yes,No,39,No,No phone service,DSL,Yes,Yes,No,No,No,Yes,Month-to-month,No,Bank transfer (automatic),62.41,2404.31,No
CUST-01394,Female,0,No,No,34,Yes,No,Fiber optic,No,No,No,No,No,Yes,One year,No,Electronic check,79.13,2571.8,No
CUST-01395,Male,0,Yes,No,17,Yes,Yes,Fiber optic,No,No,No,No,No,No,Month-to-month,Yes,Bank transfer (automatic),68.74,1201.64,Yes
CUST-01396,Female,0,No,No,27,Yes,No,Fiber optic,No,No,Yes,No,Yes,Yes,Month-to-month,No,Bank transfer (automatic),88.72,2414.56,Yes
CUST-01397,Male,0,No,No,24,Yes,No,Fiber optic,Yes,No,Yes,No,Yes,Yes,Two year,No,Credit card (automatic),99.52,2391.81,No
CUST-01398,Female,0,No,No,29,Yes,No,No,No internet service,No internet service,No internet service,No internet service,No internet service,No internet service,Two year,No,Electronic check,25.0,732.07,No
CUST-01399,Female,0,No,No,30,Yes,No,Fiber optic,No,Yes,No,No,Yes,No,Month-to-month,No,Mailed check,86.4,2481.66,Yes
CUST-01400,Female,0,No,Yes,16,Yes,No,Fiber optic,No,No,No,Yes,No,No,Month-to-month,Yes,Credit card (automatic),75.07,1249.99,No
CUST-01401,Male,0,Yes,No,29,Yes,Yes,Fiber optic,No,No,Yes,No,Yes,Yes,Month-to-month,Yes,Bank transfer (automatic),90.42,2656.45,Yes
CUST-01402,Female,0,Yes,No,24,Yes,Yes,DSL,No,Yes,No,No,No,No,Month-to-month,No,Mailed check,50.61,1252.11,No
CUST-01403,Male,0,Yes,Yes,40,Yes,Yes,DSL,No,Yes,Yes,Yes,Yes,Yes,Month-to-month,No,Bank transfer (automatic),77.82,3213.59,Yes
CUST-01404,Male,0,Yes,No,18,Yes,Yes,No,No internet service,No internet service,No internet service,No internet service,No internet service,No internet service,One year,No,Bank transfer (automatic),25.0,479.24,No
CUST-01405,Female,0,No,No,13,Yes,No,Fiber optic,No,No,No,No,No,No,Two year,Yes,Bank transfer (automatic),71.57,986.6,No
CUST-01406,Male,0,No,No,15,No,No phone service,Fiber optic,No,No,No,No,No,Yes,Month-to-month,Yes,Electronic check,69.62,1037.31,Yes
CUST-01407,Female,0,Yes,No,8,Yes,No,DSL,No,No,Yes,No,Yes,Yes,Month-to-month,No,Credit card (automatic),63.09,504.9,Yes
CUST-01408,Male,0,No,No,38,No,No phone service,No,No internet service,No internet service,No internet service,No internet service,No internet service,No internet service,Month-to-month,Yes,Mailed check,20.0,775.55,Yes
CUST-01409,Male,0,Yes,Yes,51,Yes,Yes,Fiber optic,No,No,Yes,No,No,No,One year,Yes,Electronic check,80.9,4052.04,No
CUST-01410,Female,0,No,No,59,No,No phone service,Fiber optic,No,No,No,Yes,No,Yes,One year,Yes,Electronic check,77.77,4548.1,No
CUST-01411,Male,0,No,No,52,Yes,No,Fiber optic,Yes,No,No,No,No,Yes,Two year,Yes,Mailed check,86.21,4280.03,No
CUST-01412,Female,1,Yes,No,38,Yes,Yes,Fiber optic,No,No,No,Yes,No,Yes,Month-to-month,Yes,Bank transfer (automatic),80.22,3002.06,No
CUST-01413,Male,1,Yes,No,7,Yes,No,DSL,No,No,No,Yes,No,No,One year,Yes,Bank transfer (automatic),50.37,371.75,No
CUST-01414,Male,0,No,No,14,Yes,No,DSL,No,No,No,No,No,Yes,One year,Yes,Electronic check,50.51,749.8,No
CUST-01415,Female,0,Yes,No,25,No,No phone service,Fiber optic,Yes,No,Yes,No,No,No,Month-to-month,No,Credit card (automatic),81.09,1985.01,No
CUST-01416,Male,0,Yes,Yes,21,Yes,Yes,DSL,No,Yes,No,No,Yes,No,Month-to-month,Yes,Bank transfer (automatic),58.73,1275.31,Yes
CUST-01417,Male,0,No,No,37,Yes,Yes,Fiber optic,No,No,Yes,No,No,Yes,Month-to-month,No,Electronic check,75.69,2750.01,Yes
CUST-01418,Female,0,No,No,24,Yes,No,No,No internet service,No internet service,No internet service,No internet service,No internet service,No internet service,Month-to-month,No,Credit card (automatic),25.0,581.25,No
CUST-01419,Male,0,No,No,6,No,No phone service,Fiber optic,No,Yes,Yes,No,Yes,No,Month-to-month,Yes,Bank transfer (automatic),81.91,470.46,Yes
CUST-01420,Male,0,Yes,No,4,Yes,No,DSL,No,Yes,Yes,Yes,No,Yes,Month-to-month,Yes,Credit card (automatic),64.3,271.03,Yes
CUST-01421,Male,0,Yes,No,18,Yes,No,Fiber optic,No,Yes,No,Yes,Yes,Yes,Month-to-month,Yes,Mailed check,97.91,1773.72,Yes
CUST-01422,Female,0,No,No,37,Yes,No,DSL,Yes,No,No,No,No,No,One year,No,Mailed check,51.87,1956.59,No
CUST-01423,Female,0,No,No,28,Yes,Yes,Fiber optic,No,Yes,Yes,Yes,Yes,No,Two year,Yes,Electronic check,97.31,2600.69,No
CUST-01424,Male,0,Yes,Yes,11,Yes,No,Fiber optic,Yes,Yes,No,No,Yes,No,One year,No,Mailed check,88.46,946.1,Yes
CUST-01425,Female,0,Yes,No,16,Yes,No,Fiber optic,No,Yes,No,No,Yes,No,Month-to-month,Yes,Bank transfer (automatic),86.88,1455.9,Yes
CUST-01426,Male,0,No,No,29,Yes,Yes,No,No internet service,No internet service,No internet service,No internet service,No internet service,No internet service,Month-to-month,No,Mailed check,25.0,736.09,No
CUST-01427,Female,0,No,No,58,Yes,Yes,DSL,Yes,No,No,No,Yes,Yes,Two year,No,Bank transfer (automatic),58.13,3275.77,No
CUST-01428,Female,0,Yes,No,46,Yes,No,Fiber optic,Yes,No,Yes,Yes,No,No,Month-to-month,No,Electronic check,83.95,3900.28,Yes
CUST-01429,Female,0,No,No,22,Yes,No,Fiber optic,Yes,No,No,Yes,Yes,No,Month-to-month,Yes,Mailed check,89.61,1946.44,Yes
CUST-01430,Female,1,No,No,25,Yes,No,Fiber optic,No,No,No,No,Yes,Yes,Month-to-month,Yes,Credit card (automatic),80.11,1907.27,Yes
CUST-01431,Male,0,No,No,4,Yes,Yes,DSL,No,Yes,No,No,No,Yes,Two year,Yes,Electronic check,60.0,237.69,Yes
CUST-01432,Female,0,No,No,17,Yes,Yes,DSL,No,No,Yes,No,No,Yes,Month-to-month,Yes,Credit card (automatic),58.92,1007.46,Yes
CUST-01433,Male,0,Yes,No,35,Yes,No,DSL,Yes,Yes,Yes,Yes,No,No,Two year,Yes,Bank transfer (automatic),65.24,2349.39,No
CUST-01434,Female,0,No,No,24,Yes,No,Fiber optic,No,Yes,No,No,Yes,No,Month-to-month,Yes,Credit card (automatic),75.05,1761.67,Yes
CUST-01435,Female,0,No,No,15,Yes,Yes,No,No internet service,No internet service,No internet service,No internet service,No internet service,No internet service,One year,Yes,Credit card (automatic),25.0,389.89,No
CUST-01436,Female,0,No,No,50,Yes,Yes,DSL,Yes,Yes,No,No,No,No,Month-to-month,Yes,Electronic check,55.69,2883.97,No
CUST-01437,Female,0,Yes,No,8,Yes,No,DSL,Yes,No,Yes,No,No,No,Month-to-month,No,Electronic check,58.43,471.3,No
CUST-01438,Male,1,No,Yes,35,Yes,Yes,Fiber optic,Yes,No,No,No,Yes,No,Two year,No,Electronic check,85.16,2865.9,No
CUST-01439,Male,0,Yes,No,65,Yes,Yes,DSL,No,No,Yes,Yes,No,No,Two year,No,Credit card (automatic),56.87,3707.18,No
CUST-01440,Female,0,No,No,52,Yes,No,No,No internet service,No internet service,No internet service,No internet service,No internet service,No internet service,One year,No,Electronic check,25.0,1274.23,No
CUST-01441,Female,0,No,No,27,Yes,Yes,Fiber optic,Yes,No,No,Yes,No,No,One year,No,Bank transfer (automatic),81.11,2219.67,No
CUST-01442,Female,1,Yes,No,22,Yes,No,DSL,No,Yes,No,No,Yes,Yes,Month-to-month,Yes,Credit card (automatic),68.28,1499.11,No
CUST-01443,Male,0,No,No,55,Yes,No,Fiber optic,No,Yes,No,Yes,Yes,Yes,Two year,Yes,Mailed check,90.55,4917.71,No
CUST-01444,Female,0,No,No,15,Yes,Yes,DSL,No,Yes,No,Yes,No,No,Month-to-month,Yes,Electronic check,56.17,829.8,Yes
CUST-01445,Female,1,Yes,No,17,No,No phone service,No,No internet service,No internet service,No internet service,No internet service,No internet service,No internet service,Month-to-month,No,Electronic check,20.0,356.33,No
CUST-01446,Female,0,No,No,9,Yes,No,DSL,No,No,No,No,Yes,Yes,Month-to-month,Yes,Electronic check,57.46,504.15,Yes
CUST-01447,Male,0,Yes,No,11,Yes,No,DSL,Yes,Yes,Yes,Yes,No,Yes,One year,No,Credit card (automatic),79.95,903.58,Yes
CUST-01448,Female,0,Yes,No,41,Yes,Yes,No,No internet service,No internet service,No internet service,No internet service,No internet service,No internet service,Month-to-month,No,Mailed check,25.0,1053.21,Yes
CUST-01449,Male,0,Yes,No,28,Yes,No,DSL,Yes,No,No,No,No,Yes,One year,No,Mailed check,57.91,1597.38,No
CUST-01450,Female,0,Yes,No,13,Yes,No,DSL,No,No,Yes,No,Yes,No,Month-to-month,Yes,Credit card (automatic),56.99,753.3,Yes
CUST-01451,Male,0,No,No,20,Yes,Yes,No,No internet service,No internet service,No internet service,No internet service,No internet service,No internet service,Month-to-month,No,Mailed check,25.0,484.03,No
CUST-01452,Female,0,No,Yes,25,Yes,Yes,No,No internet service,No internet service,No internet service,No internet service,No internet service,No internet service,Two year,Yes,Bank transfer (automatic),25.0,638.91,No
CUST-01453,Male,0,No,Yes,41,Yes,No,DSL,Yes,Yes,Yes,No,Yes,Yes,One year,Yes,Credit card (automatic),74.46,2992.21,No
CUST-01454,Female,1,Yes,No,43,No,No phone service,No,No internet service,No internet service,No internet service,No internet service,No internet service,No internet service,Month-to-month,No,Electronic check,20.0,828.09,No
CUST-01455,Male,0,Yes,No,14,Yes,No,Fiber optic,No,Yes,No,No,No,No,Two year,No,Bank transfer (automatic),72.71,1013.79,No
CUST-01456,Male,0,No,No,35,Yes,No,DSL,Yes,No,No,Yes,No,Yes,Month-to-month,No,Credit card (automatic),61.88,2081.41,Yes
CUST-01457,Female,0,Yes,No,29,Yes,No,DSL,Yes,No,No,No,Yes,Yes,Two year,Yes,Credit card (automatic),60.88,1741.52,No
CUST-01458,Male,0,No,No,18,Yes,No,Fiber optic,Yes,No,Yes,Yes,Yes,Yes,Two year,Yes,Electronic check,101.69,1808.14,No
CUST-01459,Female,0,No,No,61,Yes,Yes,DSL,No,Yes,Yes,No,Yes,Yes,Month-to-month,No,Mailed check,69.86,4155.69,No
CUST-01460,Male,0,No,No,31,Yes,No,Fiber optic,No,No,Yes,No,No,Yes,One year,Yes,Credit card (automatic),83.02,2622.63,No
CUST-01461,Female,0,Yes,No,42,Yes,No,Fiber optic,No,No,No,No,No,No,Two year,No,Mailed check,67.06,2831.72,No
CUST-01462,Male,0,No,No,24,Yes,No,Fiber optic,No,No,Yes,Yes,Yes,Yes,Month-to-month,Yes,Electronic check,91.7,2235.18,Yes
CUST-01463,Female,0,No,No,6,Yes,Yes,Fiber optic,Yes,Yes,Yes,No,No,No,One year,No,Electronic check,89.52,532.63,No
CUST-01464,Male,0,No,No,11,Yes,Yes,DSL,No,No,No,No,Yes,No,Two year,Yes,Electronic check,50.7,575.06,No
CUST-01465,Male,0,Yes,Yes,13,Yes,No,DSL,No,Yes,No,No,Yes,Yes,Month-to-month,Yes,Mailed check,62.77,816.23,No
CUST-01466,Female,0,Yes,No,57,Yes,Yes,Fiber optic,Yes,No,No,No,No,Yes,One year,Yes,Electronic check,84.35,4779.9,No
CUST-01467,Female,1,No,No,17,Yes,No,Fiber optic,No,No,Yes,Yes,Yes,Yes,Two year,Yes,Mailed check,89.29,1544.14,No
CUST-01468,Female,0,No,No,19,Yes,Yes,Fiber optic,Yes,No,No,No,No,No,Month-to-month,Yes,Bank transfer (automatic),75.93,1501.33,Yes
CUST-01469,Male,0,No,No,16,Yes,No,DSL,No,No,No,No,No,Yes,Month-to-month,Yes,Mailed check,50.09,825.91,Yes
CUST-01470,Male,0,Yes,No,50,Yes,No,DSL,Yes,No,Yes,No,Yes,No,One year,No,Bank transfer (automatic),57.41,2773.37,No
CUST-01471,Male,0,No,No,20,Yes,No,No,No internet service,No internet service,No internet service,No internet service,No internet service,No internet service,Month-to-month,Yes,Credit card (automatic),25.0,529.28,No
CUST-01472,Male,0,No,No,28,Yes,Yes,No,No internet service,No internet service,No internet service,No internet service,No internet service,No internet service,Month-to-month,Yes,Bank transfer (automatic),25.0,728.29,No
CUST-01473,Female,0,No,No,61,Yes,No,DSL,Yes,No,No,Yes,No,Yes,Month-to-month,No,Electronic check,61.48,3914.8,No
CUST-01474,Female,1,No,No,25,Yes,Yes,DSL,Yes,No,Yes,No,No,No,Two year,Yes,Credit card (automatic),59.17,1553.19,No
CUST-01475,Female,0,Yes,No,56,Yes,Yes,DSL,Yes,Yes,No,No,No,Yes,Two year,No,Credit card (automatic),64.7,3525.29,No
CUST-01476,Female,0,Yes,No,20,Yes,No,Fiber optic,No,No,Yes,Yes,Yes,No,Month-to-month,No,Credit card (automatic),91.55,1921.61,Yes
CUST-01477,Male,0,No,No,42,Yes,Yes,Fiber optic,Yes,No,No,Yes,Yes,No,Month-to-month,Yes,Electronic check,81.67,3466.51,Yes
CUST-01478,Male,0,No,No,18,Yes,No,Fiber optic,No,No,Yes,No,No,No,Month-to-month,No,Credit card (automatic),74.5,1356.63,Yes
CUST-01479,Female,0,Yes,No,7,Yes,No,Fiber optic,No,Yes,Yes,Yes,Yes,Yes,One year,Yes,Mailed check,102.28,717.83,Yes
CUST-01480,Male,0,No,No,26,Yes,Yes,Fiber optic,No,No,Yes,No,No,No,Month-to-month,Yes,Mailed check,70.24,1798.18,Yes
CUST-01481,Male,0,Yes,Yes,69,Yes,No,DSL,No,No,No,No,No,No,Month-to-month,Yes,Mailed check,46.13,3219.3,No
CUST-01482,Male,0,No,No,5,Yes,Yes,Fiber optic,No,No,No,No,Yes,No,One year,Yes,Electronic check,78.08,399.03,Yes
CUST-01483,Female,0,No,No,25,Yes,Yes,Fiber optic,Yes,Yes,No,Yes,Yes,No,One year,Yes,Electronic check,95.03,2315.45,No
CUST-01484,Female,0,No,No,16,Yes,No,No,No internet service,No internet service,No internet service,No internet service,No internet service,No internet service,Month-to-month,Yes,Credit card (automatic),25.0,431.87,No
CUST-01485,Male,0,Yes,No,47,Yes,Yes,DSL,No,No,Yes,No,Yes,No,Month-to-month,No,Mailed check,57.66,2744.19,Yes
CUST-01486,Male,0,Yes,Yes,1,Yes,No,No,No internet service,No internet service,No internet service,No internet service,No internet service,No internet service,Two year,No,Bank transfer (automatic),25.0,41.27,No
CUST-01487,Female,0,No,Yes,59,Yes,No,Fiber optic,Yes,Yes,No,No,No,No,Two year,No,Credit card (automatic),75.96,4562.58,No
CUST-01488,Female,0,No,Yes,43,Yes,No,DSL,No,Yes,Yes,No,No,No,Month-to-month,No,Mailed check,53.01,2342.77,Yes
CUST-01489,Female,0,Yes,No,10,Yes,Yes,Fiber optic,No,Yes,No,No,Yes,No,Month-to-month,Yes,Mailed check,78.12,771.43,Yes
CUST-01490,Female,0,Yes,Yes,16,Yes,No,DSL,No,No,No,No,No,Yes,One year,Yes,Electronic check,51.62,841.91,No
CUST-01491,Female,0,Yes,Yes,58,Yes,Yes,Fiber optic,No,Yes,Yes,No,No,No,Two year,Yes,Electronic check,80.77,4776.6,No
CUST-01492,Female,0,Yes,No,21,Yes,No,Fiber optic,No,No,No,No,No,No,Two year,Yes,Bank transfer (automatic),65.46,1338.83,No
CUST-01493,Male,0,No,No,39,Yes,Yes,Fiber optic,Yes,No,No,No,Yes,No,One year,Yes,Credit card (automatic),84.03,3274.94,No
CUST-01494,Female,0,No,No,20,Yes,No,DSL,Yes,No,No,No,Yes,No,Month-to-month,No,Mailed check,54.95,1066.78,No
CUST-01495,Female,0,Yes,No,40,Yes,No,DSL,No,No,No,Yes,No,No,Month-to-month,Yes,Bank transfer (automatic),47.67,1947.14,Yes
CUST-01496,Male,0,No,No,16,Yes,No,DSL,No,Yes,No,No,No,Yes,One year,No,Electronic check,57.3,973.48,No
CUST-01497,Male,0,Yes,No,33,Yes,Yes,DSL,No,No,No,No,No,Yes,Month-to-month,Yes,Bank transfer (automatic),53.21,1792.65,Yes
CUST-01498,Male,0,Yes,No,33,Yes,No,No,No internet service,No internet service,No internet service,No internet service,No internet service,No internet service,Month-to-month,Yes,Credit card (automatic),25.0,830.37,No
CUST-01499,Male,0,No,No,9,Yes,Yes,DSL,No,Yes,No,No,No,No,Two year,No,Electronic check,52.36,469.63,No
CUST-01500,Female,0,No,No,25,Yes,No,Fiber optic,No,Yes,Yes,No,No,Yes,Month-to-month,Yes,Bank transfer (automatic),87.77,2105.83,Yes
CUST-01501,Female,0,Yes,No,16,No,No phone service,Fiber optic,No,No,No,No,No,No,Month-to-month,No,Bank transfer (automatic),66.06,1048.47,Yes
CUST-01502,Female,0,Yes,No,11,No,No phone service,DSL,Yes,No,Yes,Yes,No,Yes,One year,Yes,Electronic check,61.42,687.99,No
CUST-01503,Male,0,Yes,Yes,41,Yes,Yes,Fiber optic,No,No,Yes,Yes,No,No,Month-to-month,Yes,Mailed check,85.93,3663.75,No
CUST-01504,Female,0,No,No,39,Yes,No,Fiber optic,No,No,Yes,No,Yes,No,Month-to-month,No,Bank transfer (automatic),76.11,2901.48,Yes
CUST-01505,Male,0,Yes,Yes,28,Yes,No,No,No internet service,No internet service,No internet service,No internet service,No internet service,No internet service,Month-to-month,Yes,Electronic check,25.0,688.45,No
CUST-01506,Male,1,Yes,Yes,30,Yes,No,No,No internet service,No internet service,No internet service,No internet service,No internet service,No internet service,Two year,Yes,Bank transfer (automatic),25.0,773.03,No
CUST-01507,Male,0,Yes,No,33,Yes,Yes,No,No internet service,No internet service,No internet service,No internet service,No internet service,No internet service,Month-to-month,No,Electronic check,25.0,866.14,Yes
CUST-01508,Female,0,No,No,41,No,No phone service,Fiber optic,No,No,No,No,Yes,No,One year,No,Credit card (automatic),67.84,2869.4,No
CUST-01509,Male,0,Yes,No,1,Yes,No,DSL,Yes,Yes,Yes,Yes,No,No,Month-to-month,Yes,Credit card (automatic),71.97,73.51,Yes
CUST-01510,Male,0,No,No,24,Yes,No,Fiber optic,Yes,No,No,Yes,No,Yes,Month-to-month,No,Electronic check,90.31,2138.0,Yes
CUST-01511,Female,0,No,No,30,Yes,Yes,DSL,No,No,Yes,Yes,No,No,Two year,Yes,Bank transfer (automatic),57.59,1705.79,No
CUST-01512,Male,0,No,No,29,No,No phone service,Fiber optic,Yes,Yes,Yes,No,No,No,One year,Yes,Mailed check,85.85,2437.41,No
CUST-01513,Female,0,No,No,21,Yes,No,DSL,No,No,No,No,No,No,Month-to-month,Yes,Mailed check,44.4,911.56,No
CUST-01514,Female,1,No,No,15,No,No phone service,No,No internet service,No internet service,No internet service,No internet service,No internet service,No internet service,Two year,Yes,Electronic check,20.0,310.94,No
CUST-01515,Male,1,No,No,13,Yes,Yes,Fiber optic,No,No,No,Yes,No,Yes,Two year,No,Bank transfer (automatic),87.85,1188.77,Yes
CUST-01516,Male,0,No,No,56,Yes,No,DSL,No,Yes,No,No,No,No,Month-to-month,Yes,Credit card (automatic),52.88,3070.41,No
CUST-01517,Female,0,Yes,No,14,Yes,Yes,No,No internet service,No internet service,No internet service,No internet service,No internet service,No internet service,Month-to-month,No,Bank transfer (automatic),25.0,356.39,No
CUST-01518,Male,0,No,No,16,Yes,No,DSL,No,No,Yes,No,No,Yes,Month-to-month,Yes,Credit card (automatic),56.03,861.05,Yes
CUST-01519,Male,0,No,No,3,Yes,Yes,DSL,Yes,No,No,No,Yes,Yes,Month-to-month,Yes,Mailed check,58.0,182.46,Yes
CUST-01520,Male,0,Yes,No,29,No,No phone service,Fiber optic,No,No,Yes,Yes,No,No,One year,Yes,Bank transfer (automatic),74.41,2069.58,Yes
CUST-01521,Male,0,Yes,No,54,Yes,Yes,Fiber optic,No,No,No,No,Yes,No,Month-to-month,No,Electronic check,78.77,4344.03,Yes
CUST-01522,Male,1,No,No,11,Yes,Yes,Fiber optic,No,No,Yes,No,Yes,Yes,Month-to-month,No,Bank transfer (automatic),92.56,989.34,Yes
CUST-01523,Female,0,No,No,43,Yes,No,DSL,No,Yes,No,No,No,No,Two year,Yes,Credit card (automatic),51.22,2324.36,No
CUST-01524,Male,0,Yes,No,50,Yes,No,DSL,No,Yes,No,No,No,Yes,Two year,Yes,Electronic check,55.52,2775.67,No
CUST-01525,Male,0,Yes,Yes,22,Yes,Yes,Fiber optic,No,No,Yes,No,Yes,Yes,One year,No,Mailed check,84.53,1947.29,Yes
CUST-01526,Male,0,Yes,No,4,Yes,Yes,DSL,Yes,No,Yes,Yes,No,No,Month-to-month,No,Mailed check,63.73,263.57,No
CUST-01527,Male,1,No,No,50,Yes,No,No,No internet service,No internet service,No internet service,No internet service,No internet service,No internet service,Month-to-month,No,Mailed check,25.0,1215.54,No
CUST-01528,Female,0,Yes,No,58,Yes,No,DSL,Yes,No,No,No,No,No,One year,No,Electronic check,52.12,2891.23,No
CUST-01529,Female,1,Yes,No,20,Yes,No,Fiber optic,No,No,No,No,No,Yes,One year,Yes,Bank transfer (automatic),69.42,1454.7,Yes
CUST-01530,Male,0,Yes,No,39,Yes,Yes,DSL,No,Yes,Yes,Yes,Yes,No,Two year,Yes,Electronic check,68.86,2728.51,No
CUST-01531,Male,0,No,No,30,Yes,Yes,DSL,Yes,Yes,Yes,No,No,Yes,Month-to-month,Yes,Bank transfer (automatic),66.93,2091.89,No
CUST-01532,Female,0,Yes,Yes,19,Yes,No,DSL,Yes,No,Yes,No,No,No,One year,Yes,Bank transfer (automatic),58.43,1165.93,No
CUST-01533,Male,0,Yes,No,34,Yes,No,Fiber optic,No,No,No,No,Yes,Yes,One year,Yes,Electronic check,89.35,2957.34,No
CUST-01534,Female,0,Yes,No,42,Yes,No,Fiber optic,No,No,No,No,No,No,Month-to-month,No,Electronic check,66.84,2940.42,No
CUST-01535,Male,0,No,No,32,Yes,Yes,DSL,No,No,Yes,Yes,Yes,No,One year,No,Credit card (automatic),67.86,2102.82,Yes
CUST-01536,Male,0,No,No,26,Yes,Yes,Fiber optic,No,No,No,No,Yes,Yes,One year,Yes,Credit card (automatic),81.14,2160.27,No
CUST-01537,Male,0,Yes,No,33,Yes,No,Fiber optic,No,No,Yes,Yes,Yes,No,One year,Yes,Bank transfer (automatic),91.0,3022.6,No
CUST-01538,Male,1,No,No,23,Yes,Yes,Fiber optic,No,No,Yes,No,Yes,No,Two year,Yes,Electronic check,79.87,1895.61,Yes
CUST-01539,Male,0,Yes,No,62,Yes,No,No,No internet service,No internet service,No internet service,No internet service,No internet service,No internet service,Month-to-month,Yes,Credit card (automatic),25.0,1510.98,No
CUST-01540,Male,0,No,No,20,No,No phone service,DSL,No,No,Yes,Yes,Yes,No,Month-to-month,Yes,Electronic check,58.2,1205.03,Yes
CUST-01541,Male,0,No,No,46,Yes,No,DSL,Yes,No,Yes,No,Yes,No,Month-to-month,Yes,Credit card (automatic),63.21,2788.95,Yes
CUST-01542,Male,1,No,No,11,Yes,Yes,No,No internet service,No internet service,No internet service,No internet service,No internet service,No internet service,Two year,No,Electronic check,25.0,279.84,No
CUST-01543,Male,0,No,No,20,Yes,No,No,No internet service,No internet service,No internet service,No internet service,No internet service,No internet service,One year,No,Bank transfer (automatic),25.0,526.39,No
CUST-01544,Male,1,Yes,Yes,39,Yes,Yes,Fiber optic,No,Yes,Yes,No,Yes,Yes,One year,No,Electronic check,96.31,3881.92,Yes
CUST-01545,Male,0,Yes,No,49,Yes,No,Fiber optic,No,No,Yes,No,No,No,Month-to-month,Yes,Electronic check,78.15,3801.57,Yes
CUST-01546,Female,0,Yes,Yes,19,Yes,No,Fiber optic,Yes,Yes,Yes,Yes,No,No,One year,Yes,Electronic check,92.09,1678.33,Yes
CUST-01547,Female,0,Yes,No,9,Yes,No,Fiber optic,Yes,Yes,No,Yes,Yes,No,Two year,Yes,Credit card (automatic),100.08,935.38,No
CUST-01548,Male,1,No,No,23,Yes,Yes,Fiber optic,Yes,No,No,No,No,No,Month-to-month,Yes,Electronic check,74.63,1700.39,Yes
CUST-01549,Male,1,No,No,25,Yes,No,Fiber optic,No,No,No,Yes,Yes,No,Month-to-month,Yes,Mailed check,79.48,1979.57,Yes
CUST-01550,Female,1,Yes,Yes,16,Yes,No,DSL,No,No,Yes,No,No,Yes,Month-to-month,Yes,Mailed check,57.81,955.42,Yes
CUST-01551,Male,0,Yes,No,39,Yes,No,Fiber optic,No,No,Yes,Yes,Yes,No,Two year,Yes,Electronic check,88.25,3479.14,No
CUST-01552,Female,0,No,No,35,Yes,Yes,No,No internet service,No internet service,No internet service,No internet service,No internet service,No internet service,One year,Yes,Mailed check,25.0,877.21,No
CUST-01553,Male,0,Yes,Yes,17,Yes,No,Fiber optic,No,No,No,Yes,No,No,Month-to-month,No,Credit card (automatic),78.86,1284.28,Yes
CUST-01554,Male,0,Yes,No,22,Yes,No,Fiber optic,No,No,No,Yes,No,No,Two year,Yes,Electronic check,74.48,1731.02,No
CUST-01555,Male,0,No,No,11,Yes,Yes,Fiber optic,No,No,No,No,No,No,Month-to-month,No,Mailed check,66.63,738.66,Yes
CUST-01556,Male,0,Yes,Yes,40,Yes,No,No,No internet service,No internet service,No internet service,No internet service,No internet service,No internet service,Month-to-month,Yes,Electronic check,25.0,986.97,No
CUST-01557,Male,1,No,No,47,Yes,No,No,No internet service,No internet service,No internet service,No internet service,No internet service,No internet service,Month-to-month,Yes,Mailed check,25.0,1130.74,Yes
CUST-01558,Male,0,No,No,39,Yes,No,Fiber optic,Yes,Yes,Yes,No,No,No,One year,Yes,Mailed check,88.25,3528.18,No
CUST-01559,Female,0,Yes,No,67,Yes,Yes,Fiber optic,Yes,No,Yes,No,No,No,Month-to-month,Yes,Bank transfer (automatic),77.32,5181.65,Yes
CUST-01560,Female,1,No,Yes,34,No,No phone service,DSL,No,Yes,No,Yes,Yes,Yes,One year,No,Electronic check,68.26,2234.22,No
CUST-01561,Male,0,Yes,Yes,30,Yes,No,DSL,No,No,Yes,Yes,No,No,One year,No,Bank transfer (automatic),57.79,1732.01,No
CUST-01562,Male,0,Yes,No,30,Yes,No,DSL,No,No,Yes,Yes,No,No,Month-to-month,Yes,Mailed check,55.29,1581.35,No
CUST-01563,Male,1,No,No,26,Yes,No,Fiber optic,No,No,No,No,No,No,One year,No,Credit card (automatic),72.93,1963.55,Yes
CUST-01564,Female,0,Yes,No,43,Yes,Yes,DSL,No,Yes,No,Yes,No,No,One year,No,Bank transfer (automatic),54.38,2338.53,No
CUST-01565,Female,1,Yes,No,12,Yes,No,No,No internet service,No internet service,No internet service,No internet service,No internet service,No internet service,Two year,No,Electronic check,25.0,307.61,No
CUST-01566,Female,0,No,No,8,Yes,No,Fiber optic,No,Yes,Yes,Yes,No,No,Month-to-month,Yes,Mailed check,85.89,716.2,No
CUST-01567,Male,0,Yes,No,29,Yes,Yes,Fiber optic,Yes,No,No,No,Yes,No,Month-to-month,No,Credit card (automatic),84.05,2458.83,No
CUST-01568,Female,1,Yes,Yes,0,Yes,No,DSL,No,No,No,No,Yes,Yes,Month-to-month,Yes,Electronic check,55.12,5.84,Yes
CUST-01569,Male,0,No,Yes,6,Yes,Yes,Fiber optic,No,No,Yes,No,No,No,Month-to-month,No,Credit card (automatic),77.29,490.79,Yes
CUST-01570,Male,0,Yes,No,49,Yes,No,Fiber optic,No,Yes,Yes,Yes,Yes,No,Month-to-month,Yes,Bank transfer (automatic),90.15,4418.47,No
CUST-01571,Female,1,No,Yes,5,Yes,No,No,No internet service,No internet service,No internet service,No internet service,No internet service,No internet service,Two year,Yes,Electronic check,25.0,123.9,No
CUST-01572,Female,0,Yes,No,42,Yes,No,Fiber optic,No,No,Yes,No,Yes,No,Two year,Yes,Credit card (automatic),79.61,3355.09,No
CUST-01573,Female,0,Yes,Yes,31,Yes,Yes,Fiber optic,Yes,No,Yes,No,No,No,Month-to-month,Yes,Electronic check,86.21,2791.35,No
CUST-01574,Male,0,No,No,6,Yes,Yes,Fiber optic,No,No,Yes,No,No,Yes,Two year,Yes,Electronic check,83.55,506.78,No
CUST-01575,Male,0,Yes,No,21,Yes,No,DSL,No,No,Yes,No,No,Yes,Month-to-month,Yes,Credit card (automatic),55.95,1182.97,Yes
CUST-01576,Female,0,Yes,Yes,19,Yes,No,DSL,No,No,Yes,No,No,No,One year,Yes,Credit card (automatic),51.96,997.52,No
CUST-01577,Male,0,Yes,No,16,Yes,No,Fiber optic,No,Yes,Yes,No,No,Yes,One year,Yes,Bank transfer (automatic),85.03,1368.03,Yes
CUST-01578,Male,0,No,No,27,No,No phone service,Fiber optic,No,Yes,Yes,No,No,No,Month-to-month,No,Electronic check,77.99,2114.92,Yes
CUST-01579,Male,0,No,No,22,Yes,No,Fiber optic,No,Yes,No,No,Yes,Yes,Month-to-month,Yes,Bank transfer (automatic),91.01,1953.18,Yes
CUST-01580,Male,0,No,No,42,Yes,Yes,Fiber optic,No,Yes,Yes,No,Yes,No,Month-to-month,Yes,Electronic check,84.83,3553.83,Yes
CUST-01581,Male,0,No,No,69,Yes,Yes,DSL,Yes,No,No,No,Yes,Yes,Month-to-month,No,Bank transfer (automatic),64.42,4581.35,No
CUST-01582,Female,0,Yes,No,43,Yes,No,Fiber optic,No,No,No,No,No,Yes,Two year,No,Mailed check,78.66,3267.46,No
CUST-01583,Female,0,Yes,No,59,Yes,No,Fiber optic,Yes,Yes,Yes,Yes,No,No,Two year,No,Credit card (automatic),93.3,5786.86,No
CUST-01584,Female,0,Yes,No,6,Yes,Yes,Fiber optic,Yes,No,No,No,No,No,Month-to-month,Yes,Bank transfer (automatic),80.64,519.32,No
CUST-01585,Female,0,Yes,No,67,Yes,No,No,No internet service,No internet service,No internet service,No internet service,No internet service,No internet service,Month-to-month,Yes,Credit card (automatic),25.0,1674.06,No
CUST-01586,Female,0,Yes,Yes,13,Yes,Yes,No,No internet service,No internet service,No internet service,No internet service,No internet service,No internet service,Two year,No,Bank transfer (automatic),25.0,324.38,No
CUST-01587,Male,0,Yes,No,17,Yes,Yes,DSL,Yes,No,Yes,Yes,No,No,One year,Yes,Credit card (automatic),58.8,975.53,No
CUST-01588,Male,1,Yes,No,23,Yes,No,DSL,No,Yes,Yes,No,No,Yes,Month-to-month,No,Bank transfer (automatic),65.18,1589.38,Yes
CUST-01589,Female,0,No,No,14,Yes,Yes,Fiber optic,Yes,No,Yes,No,No,No,One year,Yes,Bank transfer (automatic),82.15,1111.26,Yes
CUST-01590,Male,0,No,Yes,28,Yes,No,Fiber optic,No,Yes,No,Yes,No,Yes,One year,Yes,Bank transfer (automatic),84.88,2292.12,No
CUST-01591,Female,0,Yes,No,20,Yes,No,No,No internet service,No internet service,No internet service,No internet service,No internet service,No internet service,Two year,Yes,Electronic check,25.0,500.14,No
CUST-01592,Female,0,Yes,Yes,29,No,No phone service,Fiber optic,No,No,Yes,Yes,Yes,Yes,Month-to-month,Yes,Credit card (automatic),91.07,2578.22,No
CUST-01593,Female,0,Yes,No,36,Yes,Yes,Fiber optic,No,No,No,Yes,No,Yes,Month-to-month,Yes,Bank transfer (automatic),80.28,3050.15,No
CUST-01594,Female,1,No,No,65,Yes,No,Fiber optic,Yes,No,Yes,No,Yes,Yes,One year,Yes,Mailed check,95.51,6189.68,Yes
CUST-01595,Male,0,Yes,No,24,Yes,No,Fiber optic,No,No,Yes,No,No,No,One year,Yes,Mailed check,78.36,1795.12,No
CUST-01596,Female,0,Yes,No,42,Yes,No,No,No internet service,No internet service,No internet service,No internet service,No internet service,No internet service,Month-to-month,No,Bank transfer (automatic),25.0,1078.06,No
CUST-01597,Female,0,Yes,Yes,2,Yes,Yes,DSL,No,No,Yes,Yes,No,No,Month-to-month,Yes,Mailed check,56.51,132.26,Yes
CUST-01598,Male,0,Yes,No,22,Yes,No,Fiber optic,Yes,No,Yes,Yes,Yes,No,Two year,Yes,Credit card (automatic),103.5,2183.89,No
CUST-01599,Male,1,No,No,31,Yes,No,No,No internet service,No internet service,No internet service,No internet service,No internet service,No internet service,Month-to-month,Yes,Electronic check,25.0,752.64,Yes
CUST-01600,Male,0,No,No,5,Yes,Yes,Fiber optic,No,No,Yes,No,No,Yes,Month-to-month,Yes,Electronic check,86.82,440.94,No
CUST-01601,Female,0,Yes,No,26,Yes,No,Fiber optic,Yes,No,No,Yes,Yes,No,Month-to-month,Yes,Mailed check,88.46,2340.67,No
CUST-01602,Male,0,No,Yes,28,Yes,No,DSL,Yes,No,No,No,Yes,No,Month-to-month,No,Bank transfer (automatic),57.56,1670.83,Yes
CUST-01603,Male,0,No,No,5,Yes,No,Fiber optic,No,Yes,No,No,Yes,No,One year,Yes,Bank transfer (automatic),80.47,428.75,Yes
CUST-01604,Male,0,Yes,No,20,Yes,Yes,Fiber optic,No,No,Yes,No,Yes,No,Two year,No,Mailed check,78.67,1593.28,No
CUST-01605,Male,0,Yes,No,14,Yes,Yes,No,No internet service,No internet service,No internet service,No internet service,No internet service,No internet service,Month-to-month,No,Credit card (automatic),25.0,361.41,Yes
CUST-01606,Male,0,Yes,No,14,Yes,No,Fiber optic,Yes,No,Yes,No,No,Yes,Two year,No,Electronic check,86.53,1233.25,No
CUST-01607,Female,0,Yes,No,8,Yes,Yes,DSL,No,Yes,No,Yes,Yes,Yes,Month-to-month,Yes,Credit card (automatic),72.78,607.94,Yes
CUST-01608,Male,0,No,No,35,Yes,No,DSL,Yes,No,Yes,No,No,No,Two year,No,Credit card (automatic),59.12,2119.52,No
CUST-01609,Male,0,Yes,No,12,No,No phone service,Fiber optic,Yes,No,Yes,No,No,Yes,Month-to-month,Yes,Credit card (automatic),78.95,994.61,Yes
CUST-01610,Male,0,No,No,15,Yes,No,DSL,No,Yes,Yes,No,Yes,No,One year,Yes,Electronic check,60.43,951.8,Yes
CUST-01611,Male,0,Yes,No,39,Yes,No,Fiber optic,No,Yes,No,No,Yes,No,Month-to-month,No,Electronic check,79.81,3245.46,No
CUST-01612,Male,0,No,No,42,No,No phone service,Fiber optic,No,Yes,Yes,No,No,No,Two year,Yes,Bank transfer (automatic),80.33,3485.43,No
CUST-01613,Male,0,Yes,No,5,Yes,Yes,Fiber optic,Yes,No,No,No,No,Yes,Month-to-month,No,Mailed check,84.99,436.55,Yes
CUST-01614,Male,0,Yes,No,21,Yes,Yes,Fiber optic,No,No,No,No,No,No,Month-to-month,No,Electronic check,69.29,1477.28,Yes
CUST-01615,Female,0,No,No,20,Yes,No,Fiber optic,No,Yes,No,No,No,No,One year,Yes,Electronic check,79.37,1611.35,Yes
CUST-01616,Male,0,No,No,25,Yes,No,No,No internet service,No internet service,No internet service,No internet service,No internet service,No internet service,Two year,Yes,Bank transfer (automatic),25.0,647.19,No
CUST-01617,Female,0,Yes,Yes,25,Yes,Yes,DSL,No,No,Yes,No,Yes,No,Month-to-month,No,Credit card (automatic),57.98,1438.47,No
CUST-01618,Female,0,Yes,Yes,32,Yes,No,No,No internet service,No internet service,No internet service,No internet service,No internet service,No internet service,One year,Yes,Mailed check,25.0,797.38,No
CUST-01619,Male,0,Yes,No,1,Yes,Yes,Fiber optic,No,No,No,No,No,No,Month-to-month,Yes,Bank transfer (automatic),66.57,78.96,Yes
CUST-01620,Female,0,No,No,48,No,No phone service,Fiber optic,No,Yes,No,No,Yes,No,Month-to-month,Yes,Mailed check,79.71,3820.22,Yes
CUST-01621,Female,0,No,No,15,No,No phone service,Fiber optic,Yes,No,Yes,Yes,No,Yes,One year,Yes,Bank transfer (automatic),82.82,1194.65,No
CUST-01622,Male,0,No,No,30,Yes,Yes,Fiber optic,No,No,Yes,No,No,No,Month-to-month,No,Bank transfer (automatic),69.83,2026.64,No
CUST-01623,Female,0,Yes,Yes,65,Yes,Yes,DSL,No,No,Yes,Yes,No,No,Month-to-month,Yes,Mailed check,58.58,3898.05,No
CUST-01624,Female,0,Yes,No,20,Yes,No,Fiber optic,No,No,No,Yes,No,No,One year,Yes,Electronic check,79.01,1568.45,Yes
CUST-01625,Female,0,No,No,48,Yes,No,Fiber optic,Yes,No,No,Yes,No,Yes,Month-to-month,No,Bank transfer (automatic),91.88,4561.22,No
CUST-01626,Female,0,No,Yes,19,Yes,No,DSL,No,No,No,Yes,No,Yes,Month-to-month,Yes,Electronic check,57.65,1067.96,No
CUST-01627,Female,0,No,No,64,No,No phone service,Fiber optic,Yes,No,No,Yes,Yes,Yes,Two year,No,Bank transfer (automatic),88.79,5901.52,No
CUST-01628,Female,0,Yes,Yes,15,Yes,Yes,Fiber optic,No,No,No,No,No,Yes,One year,No,Electronic check,70.83,1057.76,No
CUST-01629,Male,1,Yes,Yes,45,Yes,Yes,No,No internet service,No internet service,No internet service,No internet service,No internet service,No internet service,One year,No,Electronic check,25.0,1084.38,No
CUST-01630,Male,0,Yes,No,16,Yes,No,DSL,No,No,No,No,Yes,Yes,Month-to-month,Yes,Bank transfer (automatic),55.51,899.56,No
CUST-01631,Female,0,Yes,No,6,Yes,Yes,Fiber optic,Yes,No,No,No,Yes,Yes,Month-to-month,Yes,Mailed check,92.21,538.04,Yes
CUST-01632,Male,1,Yes,Yes,37,Yes,Yes,Fiber optic,No,No,No,Yes,Yes,Yes,One year,Yes,Electronic check,88.91,3141.27,No
CUST-01633,Female,1,Yes,No,28,Yes,Yes,DSL,No,No,Yes,No,Yes,No,One year,Yes,Bank transfer (automatic),60.14,1643.62,No
CUST-01634,Female,1,No,No,9,Yes,Yes,Fiber optic,No,No,No,No,No,No,Month-to-month,Yes,Mailed check,74.05,637.14,Yes
CUST-01635,Male,0,No,No,13,Yes,Yes,Fiber optic,Yes,No,No,Yes,Yes,Yes,Two year,Yes,Bank transfer (automatic),94.13,1267.04,No
CUST-01636,Male,0,Yes,Yes,14,Yes,No,Fiber optic,Yes,No,Yes,No,Yes,Yes,Month-to-month,No,Credit card (automatic),101.65,1469.75,Yes
CUST-01637,Female,0,Yes,No,20,Yes,No,Fiber optic,No,No,Yes,Yes,No,No,One year,No,Electronic check,81.72,1720.74,No
CUST-01638,Male,0,No,No,23,Yes,No,Fiber optic,Yes,No,No,Yes,No,Yes,Month-to-month,No,Mailed check,84.99,1962.45,Yes
CUST-01639,Female,0,Yes,No,26,Yes,No,Fiber optic,No,No,No,No,No,No,Month-to-month,Yes,Bank transfer (automatic),66.39,1802.89,No
CUST-01640,Female,0,No,No,55,Yes,No,Fiber optic,No,No,Yes,Yes,Yes,No,Two year,Yes,Mailed check,88.42,4749.95,No
CUST-01641,Female,1,Yes,No,8,Yes,Yes,DSL,No,Yes,No,No,Yes,Yes,Two year,No,Bank transfer (automatic),67.61,520.67,No
CUST-01642,Male,1,Yes,No,40,Yes,No,Fiber optic,Yes,No,No,No,No,No,Month-to-month,No,Electronic check,72.29,3022.46,Yes
CUST-01643,Male,0,Yes,Yes,52,Yes,No,No,No internet service,No internet service,No internet service,No internet service,No internet service,No internet service,One year,Yes,Bank transfer (automatic),25.0,1320.39,No
CUST-01644,Male,0,No,Yes,36,No,No phone service,Fiber optic,Yes,No,Yes,No,Yes,No,Month-to-month,Yes,Electronic check,84.24,2919.78,Yes
CUST-01645,Male,0,No,No,57,Yes,Yes,Fiber optic,No,Yes,Yes,No,No,Yes,Two year,No,Credit card (automatic),87.86,5030.29,No
CUST-01646,Male,0,Yes,No,41,Yes,No,DSL,No,Yes,No,No,No,Yes,Month-to-month,Yes,Electronic check,56.04,2392.52,Yes
CUST-01647,Male,0,No,No,18,No,No phone service,DSL,No,No,Yes,Yes,No,No,One year,No,Electronic check,52.86,1007.82,Yes
CUST-01648,Male,0,No,No,53,Yes,No,DSL,No,Yes,Yes,No,No,Yes,Two year,Yes,Electronic check,59.14,3280.02,No
CUST-01649,Female,0,No,No,34,Yes,No,No,No internet service,No internet service,No internet service,No internet service,No internet service,No internet service,Month-to-month,Yes,Mailed check,25.0,864.68,No
CUST-01650,Male,0,No,No,41,Yes,Yes,DSL,No,No,Yes,Yes,Yes,No,Two year,Yes,Bank transfer (automatic),63.61,2533.23,No
CUST-01651,Male,0,No,No,53,Yes,Yes,No,No internet service,No internet service,No internet service,No internet service,No internet service,No internet service,Month-to-month,Yes,Electronic check,25.0,1347.17,No
CUST-01652,Female,0,Yes,No,30,Yes,Yes,DSL,No,No,No,Yes,Yes,No,Two year,No,Electronic check,58.46,1712.68,No
CUST-01653,Male,0,No,No,15,Yes,Yes,Fiber optic,No,No,Yes,No,No,No,One year,Yes,Credit card (automatic),73.77,1076.85,No
CUST-01654,Female,0,No,No,42,Yes,No,Fiber optic,Yes,Yes,No,No,Yes,No,Month-to-month,No,Credit card (automatic),87.93,3782.99,Yes
CUST-01655,Male,0,No,Yes,36,Yes,Yes,DSL,No,No,No,No,Yes,Yes,Two year,No,Credit card (automatic),58.97,2234.9,No
CUST-01656,Female,1,Yes,Yes,23,Yes,Yes,No,No internet service,No internet service,No internet service,No internet service,No internet service,No internet service,Month-to-month,Yes,Credit card (automatic),25.0,592.1,Yes
CUST-01657,Female,1,No,Yes,27,Yes,No,No,No internet service,No internet service,No internet service,No internet service,No internet service,No internet service,Month-to-month,Yes,Mailed check,25.0,680.25,Yes
CUST-01658,Female,0,No,No,35,Yes,No,Fiber optic,No,Yes,Yes,No,No,Yes,Month-to-month,No,Electronic check,91.98,3179.47,Yes
CUST-01659,Female,0,No,No,16,No,No phone service,Fiber optic,No,No,No,No,Yes,No,Month-to-month,Yes,Mailed check,73.06,1154.96,Yes
CUST-01660,Female,0,Yes,No,18,Yes,Yes,Fiber optic,No,Yes,No,Yes,Yes,No,Month-to-month,Yes,Electronic check,92.68,1658.8,Yes
CUST-01661,Male,0,No,No,15,Yes,Yes,Fiber optic,Yes,No,No,Yes,No,No,Month-to-month,No,Bank transfer (automatic),77.46,1183.09,No
CUST-01662,Female,0,No,No,26,Yes,No,Fiber optic,Yes,Yes,No,No,No,Yes,Two year,Yes,Electronic check,87.23,2252.92,No
CUST-01663,Male,0,Yes,No,20,Yes,No,Fiber optic,No,No,Yes,No,No,Yes,Month-to-month,No,Electronic check,87.28,1800.02,Yes
CUST-01664,Male,0,No,No,54,Yes,No,Fiber optic,No,No,Yes,No,Yes,No,Month-to-month,Yes,Credit card (automatic),77.76,4403.52,No
CUST-01665,Female,0,No,No,32,Yes,Yes,Fiber optic,No,No,No,Yes,Yes,Yes,Two year,Yes,Electronic check,95.59,2991.66,No
CUST-01666,Female,0,No,No,62,Yes,No,No,No internet service,No internet service,No internet service,No internet service,No internet service,No internet service,Month-to-month,Yes,Electronic check,25.0,1531.58,Yes
CUST-01667,Male,0,No,No,26,Yes,Yes,Fiber optic,Yes,Yes,No,No,Yes,Yes,Two year,No,Mailed check,91.37,2467.22,No
CUST-01668,Female,0,Yes,No,31,Yes,No,No,No internet service,No internet service,No internet service,No internet service,No internet service,No internet service,Month-to-month,Yes,Credit card (automatic),25.0,814.25,No
CUST-01669,Female,0,Yes,Yes,7,Yes,No,Fiber optic,No,Yes,No,No,No,Yes,Two year,No,Bank transfer (automatic),84.27,579.02,No
CUST-01670,Female,0,Yes,No,33,Yes,Yes,Fiber optic,Yes,No,No,No,No,Yes,Month-to-month,Yes,Electronic check,84.93,2854.91,No
CUST-01671,Male,0,Yes,No,35,Yes,Yes,DSL,No,No,No,Yes,Yes,No,One year,Yes,Electronic check,56.42,2063.85,Yes
CUST-01672,Female,1,No,No,17,Yes,Yes,Fiber optic,No,Yes,No,No,No,No,Month-to-month,Yes,Bank transfer (automatic),75.87,1304.26,Yes
CUST-01673,Female,0,No,No,30,Yes,No,No,No internet service,No internet service,No internet service,No internet service,No internet service,No internet service,One year,No,Mailed check,25.0,750.79,No
CUST-01674,Female,0,Yes,No,6,No,No phone service,DSL,No,Yes,No,Yes,No,Yes,One year,Yes,Credit card (automatic),62.24,373.98,No
CUST-01675,Male,0,No,No,58,Yes,No,No,No internet service,No internet service,No internet service,No internet service,No internet service,No internet service,One year,Yes,Electronic check,25.0,1518.46,No
CUST-01676,Male,0,No,No,26,Yes,Yes,No,No internet service,No internet service,No internet service,No internet service,No internet service,No internet service,One year,Yes,Electronic check,25.0,645.06,No
CUST-01677,Male,0,No,No,40,Yes,Yes,Fiber optic,No,No,Yes,Yes,Yes,No,Month-to-month,No,Electronic check,86.05,3415.64,Yes
CUST-01678,Male,0,Yes,No,55,Yes,Yes,DSL,No,Yes,Yes,Yes,No,No,Two year,Yes,Credit card (automatic),61.07,3228.84,No
CUST-01679,Male,0,No,No,25,Yes,Yes,Fiber optic,Yes,Yes,Yes,No,No,No,One year,Yes,Bank transfer (automatic),94.33,2465.55,No
CUST-01680,Female,0,No,No,22,Yes,No,DSL,Yes,No,Yes,No,Yes,No,Month-to-month,Yes,Credit card (automatic),63.66,1467.34,Yes
CUST-01681,Male,0,No,No,24,Yes,No,DSL,No,No,No,No,No,No,Month-to-month,No,Electronic check,44.28,1029.44,No
CUST-01682,Male,1,No,No,46,Yes,No,No,No internet service,No internet service,No internet service,No internet service,No internet service,No internet service,Two year,Yes,Mailed check,25.0,1106.5,No
CUST-01683,Male,0,Yes,No,25,Yes,Yes,DSL,Yes,No,No,No,Yes,Yes,Month-to-month,No,Credit card (automatic),63.98,1688.81,No
CUST-01684,Male,0,Yes,No,5,Yes,Yes,No,No internet service,No internet service,No internet service,No internet service,No internet service,No internet service,Month-to-month,No,Electronic check,25.0,139.15,Yes
CUST-01685,Female,0,No,No,9,Yes,No,Fiber optic,No,No,No,No,No,Yes,One year,No,Credit card (automatic),74.48,704.71,No
CUST-01686,Male,0,No,No,54,Yes,No,No,No internet service,No internet service,No internet service,No internet service,No internet service,No internet service,One year,Yes,Bank transfer (automatic),25.0,1413.08,No
CUST-01687,Female,0,Yes,Yes,33,Yes,No,Fiber optic,Yes,Yes,No,No,Yes,No,One year,No,Electronic check,81.11,2734.2,Yes
CUST-01688,Female,0,Yes,No,19,Yes,Yes,DSL,Yes,Yes,No,No,Yes,Yes,Two year,Yes,Electronic check,71.65,1404.42,No
CUST-01689,Male,0,No,No,13,Yes,No,No,No internet service,No internet service,No internet service,No internet service,No internet service,No internet service,Month-to-month,Yes,Bank transfer (automatic),25.0,318.1,No
CUST-01690,Female,0,Yes,No,43,Yes,Yes,No,No internet service,No internet service,No internet service,No internet service,No internet service,No internet service,Two year,Yes,Electronic check,25.0,1126.75,No
CUST-01691,Female,0,Yes,No,51,Yes,No,No,No internet service,No internet service,No internet service,No internet service,No internet service,No internet service,One year,Yes,Electronic check,25.0,1264.97,No
CUST-01692,Female,0,No,Yes,37,Yes,Yes,DSL,No,No,Yes,No,Yes,Yes,One year,Yes,Electronic check,66.56,2432.96,No
CUST-01693,Female,0,No,No,29,Yes,Yes,Fiber optic,No,Yes,Yes,Yes,No,Yes,Two year,No,Mailed check,93.0,2605.45,No
CUST-01694,Female,0,Yes,No,21,Yes,No,DSL,No,Yes,Yes,Yes,Yes,Yes,Two year,No,Electronic check,68.58,1418.08,No
CUST-01695,Male,0,Yes,No,17,Yes,No,Fiber optic,No,No,No,No,No,No,Month-to-month,No,Bank transfer (automatic),68.52,1193.58,Yes
CUST-01696,Male,0,No,No,50,Yes,Yes,Fiber optic,Yes,Yes,Yes,Yes,No,No,Month-to-month,Yes,Credit card (automatic),89.28,4602.35,Yes
CUST-01697,Female,1,No,No,27,Yes,Yes,Fiber optic,Yes,No,No,No,Yes,No,Month-to-month,No,Mailed check,85.08,2303.83,No
CUST-01698,Female,0,No,No,48,Yes,Yes,Fiber optic,No,No,Yes,Yes,Yes,No,Two year,No,Electronic check,93.89,4632.24,No
CUST-01699,Female,0,No,No,25,Yes,No,No,No internet service,No internet service,No internet service,No internet service,No internet service,No internet service,Month-to-month,Yes,Electronic check,25.0,599.94,Yes
CUST-01700,Female,0,Yes,Yes,39,Yes,No,Fiber optic,No,Yes,No,No,No,No,Month-to-month,No,Bank transfer (automatic),73.74,2823.31,No
CUST-01701,Female,0,Yes,Yes,22,Yes,Yes,Fiber optic,No,No,Yes,No,No,Yes,Month-to-month,Yes,Mailed check,86.37,1951.31,Yes
CUST-01702,Female,0,Yes,No,30,Yes,No,DSL,No,No,Yes,Yes,Yes,No,One year,No,Electronic check,63.94,1896.84,No
CUST-01703,Male,0,No,No,38,Yes,Yes,DSL,No,No,No,No,Yes,Yes,Month-to-month,No,Bank transfer (automatic),58.08,2243.19,Yes
CUST-01704,Male,1,Yes,Yes,13,Yes,No,Fiber optic,No,Yes,No,No,No,Yes,One year,No,Credit card (automatic),85.32,1097.01,No
CUST-01705,Male,1,No,No,66,Yes,No,Fiber optic,No,Yes,Yes,No,Yes,No,Month-to-month,Yes,Electronic check,86.15,5427.68,Yes
CUST-01706,Female,0,Yes,No,41,No,No phone service,Fiber optic,No,Yes,No,Yes,No,No,Month-to-month,Yes,Mailed check,75.26,2996.66,Yes
CUST-01707,Female,0,No,No,35,Yes,No,Fiber optic,No,No,Yes,No,Yes,No,Month-to-month,Yes,Electronic check,85.75,2927.61,Yes
CUST-01708,Female,0,Yes,Yes,21,Yes,Yes,Fiber optic,No,Yes,No,No,Yes,No,One year,Yes,Mailed check,85.84,1728.25,Yes
CUST-01709,Female,0,No,No,12,Yes,Yes,Fiber optic,No,No,No,Yes,Yes,Yes,Month-to-month,No,Electronic check,94.78,1171.85,Yes
CUST-01710,Male,0,No,No,42,Yes,No,No,No internet service,No internet service,No internet service,No internet service,No internet service,No internet service,Month-to-month,Yes,Electronic check,25.0,1093.17,Yes
CUST-01711,Male,0,Yes,No,19,Yes,Yes,DSL,No,No,No,No,Yes,Yes,Month-to-month,No,Electronic check,61.19,1220.18,No
CUST-01712,Male,0,Yes,No,24,Yes,Yes,No,No internet service,No internet service,No internet service,No internet service,No internet service,No internet service,One year,No,Electronic check,25.0,631.52,No
CUST-01713,Female,0,No,No,4,Yes,No,DSL,Yes,Yes,No,No,Yes,No,Month-to-month,No,Bank transfer (automatic),60.56,250.97,Yes
CUST-01714,Male,0,No,No,31,Yes,No,DSL,Yes,Yes,No,Yes,Yes,No,Month-to-month,No,Electronic check,69.77,2236.2,Yes
CUST-01715,Female,0,No,Yes,66,Yes,Yes,DSL,No,No,No,No,Yes,Yes,One year,Yes,Bank transfer (automatic),55.96,3777.57,No
CUST-01716,Male,1,Yes,No,8,Yes,Yes,No,No internet service,No internet service,No internet service,No internet service,No internet service,No internet service,Month-to-month,Yes,Bank transfer (automatic),25.0,210.81,Yes
CUST-01717,Male,0,Yes,No,46,No,No phone service,No,No internet service,No internet service,No internet service,No internet service,No internet service,No internet service,One year,No,Electronic check,20.0,899.2,No
CUST-01718,Female,1,No,No,12,Yes,Yes,Fiber optic,Yes,No,No,No,No,No,Month-to-month,Yes,Bank transfer (automatic),78.94,986.98,No
CUST-01719,Female,0,Yes,No,41,Yes,No,DSL,Yes,Yes,Yes,No,Yes,Yes,Month-to-month,No,Electronic check,72.17,2955.34,Yes
CUST-01720,Male,1,Yes,No,42,Yes,No,Fiber optic,No,Yes,Yes,No,Yes,No,Month-to-month,No,Mailed check,84.6,3468.57,Yes
CUST-01721,Female,1,Yes,No,33,Yes,No,Fiber optic,No,Yes,No,Yes,No,No,Month-to-month,Yes,Bank transfer (automatic),86.96,2805.53,No
CUST-01722,Male,0,Yes,No,25,Yes,No,Fiber optic,No,Yes,No,No,Yes,No,Month-to-month,Yes,Mailed check,85.23,2248.18,Yes
CUST-01723,Male,0,Yes,No,25,No,No phone service,No,No internet service,No internet service,No internet service,No internet service,No internet service,No internet service,Month-to-month,Yes,Electronic check,20.0,504.11,Yes
CUST-01724,Female,0,Yes,Yes,18,Yes,No,Fiber optic,Yes,Yes,No,No,Yes,Yes,Two year,Yes,Electronic check,100.61,1806.07,No
CUST-01725,Female,0,No,No,46,Yes,No,Fiber optic,No,No,No,No,Yes,Yes,Two year,No,Electronic check,84.54,3949.47,No
CUST-01726,Female,0,Yes,No,6,Yes,No,No,No internet service,No internet service,No internet service,No internet service,No internet service,No internet service,One year,Yes,Credit card (automatic),25.0,155.28,No
CUST-01727,Male,0,Yes,Yes,39,Yes,No,DSL,No,Yes,No,Yes,No,No,Month-to-month,Yes,Credit card (automatic),57.4,2296.63,Yes
CUST-01728,Female,0,Yes,Yes,17,Yes,No,DSL,Yes,No,Yes,No,No,Yes,Month-to-month,Yes,Electronic check,63.73,1100.57,No
CUST-01729,Female,0,Yes,No,29,Yes,No,DSL,No,No,No,Yes,No,Yes,Month-to-month,Yes,Bank transfer (automatic),56.69,1624.46,Yes
CUST-01730,Male,0,Yes,No,36,Yes,Yes,Fiber optic,No,Yes,No,No,No,No,Two year,No,Electronic check,76.37,2749.03,No
CUST-01731,Female,0,No,No,63,Yes,No,Fiber optic,No,Yes,No,Yes,Yes,No,One year,Yes,Credit card (automatic),83.17,5375.67,No
CUST-01732,Male,1,Yes,No,5,Yes,Yes,Fiber optic,Yes,Yes,Yes,No,Yes,No,Two year,Yes,Credit card (automatic),95.91,471.88,Yes
CUST-01733,Male,0,No,No,51,Yes,No,Fiber optic,Yes,Yes,Yes,No,Yes,No,One year,Yes,Credit card (automatic),91.58,4851.27,No
CUST-01734,Female,0,No,No,30,Yes,No,No,No internet service,No internet service,No internet service,No internet service,No internet service,No internet service,One year,Yes,Bank transfer (automatic),25.0,790.48,No
CUST-01735,Male,1,Yes,Yes,42,No,No phone service,Fiber optic,No,Yes,Yes,No,Yes,No,Month-to-month,No,Electronic check,90.15,3988.16,Yes
CUST-01736,Male,0,No,No,23,Yes,No,DSL,Yes,Yes,No,No,No,Yes,Month-to-month,No,Bank transfer (automatic),61.78,1469.06,Yes
CUST-01737,Female,0,No,No,32,Yes,Yes,Fiber optic,Yes,No,No,No,No,Yes,Month-to-month,No,Mailed check,79.62,2538.01,No
CUST-01738,Female,0,Yes,Yes,20,Yes,Yes,No,No internet service,No internet service,No internet service,No internet service,No internet service,No internet service,Month-to-month,Yes,Electronic check,25.0,492.27,No
CUST-01739,Female,0,Yes,No,35,Yes,No,Fiber optic,No,No,Yes,No,No,Yes,One year,No,Electronic check,86.28,3162.72,Yes
CUST-01740,Male,0,No,No,16,Yes,No,DSL,Yes,Yes,No,Yes,Yes,No,Month-to-month,Yes,Electronic check,67.02,1093.2,No
CUST-01741,Male,0,Yes,No,60,Yes,Yes,Fiber optic,Yes,No,No,No,No,No,Month-to-month,No,Credit card (automatic),73.23,4605.41,No
CUST-01742,Male,0,No,No,20,Yes,No,Fiber optic,No,No,No,Yes,Yes,Yes,One year,Yes,Bank transfer (automatic),94.16,1964.74,No
CUST-01743,Female,1,Yes,No,38,Yes,Yes,DSL,No,No,No,No,No,Yes,Month-to-month,Yes,Electronic check,53.74,2029.9,No
CUST-01744,Female,0,Yes,Yes,17,Yes,No,DSL,Yes,No,No,Yes,No,Yes,Month-to-month,Yes,Electronic check,64.79,1150.77,No
CUST-01745,Male,0,Yes,No,49,Yes,No,Fiber optic,Yes,No,Yes,No,No,No,One year,No,Bank transfer (automatic),81.23,3930.48,No
CUST-01746,Male,0,Yes,No,52,Yes,Yes,DSL,No,Yes,Yes,No,No,No,One year,No,Electronic check,55.11,2844.34,No
CUST-01747,Male,0,Yes,No,47,Yes,Yes,Fiber optic,Yes,No,No,No,No,Yes,One year,No,Electronic check,80.45,3866.11,No
CUST-01748,Male,0,Yes,No,31,Yes,Yes,Fiber optic,No,No,No,No,No,No,Month-to-month,No,Credit card (automatic),73.55,2366.51,No
CUST-01749,Female,1,No,No,10,Yes,No,Fiber optic,No,No,Yes,No,No,No,One year,No,Bank transfer (automatic),81.01,820.06,Yes
CUST-01750,Female,0,Yes,Yes,34,Yes,No,DSL,Yes,No,No,No,No,No,Month-to-month,Yes,Electronic check,51.51,1714.7,Yes
CUST-01751,Female,0,Yes,No,27,Yes,No,Fiber optic,No,Yes,No,No,No,No,One year,No,Electronic check,74.49,2050.92,Yes
CUST-01752,Male,0,Yes,Yes,49,Yes,No,Fiber optic,No,No,No,No,No,Yes,Month-to-month,No,Electronic check,71.54,3397.45,No
CUST-01753,Male,0,Yes,No,61,Yes,Yes,Fiber optic,Yes,Yes,No,No,No,Yes,One year,No,Bank transfer (automatic),84.26,4907.82,No
CUST-01754,Male,0,No,No,40,Yes,No,DSL,No,Yes,No,Yes,Yes,Yes,Two year,Yes,Electronic check,65.59,2729.44,No
CUST-01755,Female,0,No,No,9,Yes,Yes,DSL,Yes,Yes,No,No,No,No,Month-to-month,No,Bank transfer (automatic),54.19,482.92,Yes
CUST-01756,Male,1,Yes,No,21,Yes,No,Fiber optic,No,No,No,No,No,No,Month-to-month,Yes,Bank transfer (automatic),66.41,1382.84,No
CUST-01757,Female,0,No,No,10,Yes,No,No,No internet service,No internet service,No internet service,No internet service,No internet service,No internet service,Two year,Yes,Electronic check,25.0,262.11,Yes
CUST-01758,Female,0,Yes,Yes,40,Yes,Yes,Fiber optic,Yes,Yes,No,Yes,Yes,No,Month-to-month,Yes,Credit card (automatic),94.41,3678.34,Yes
CUST-01759,Female,0,No,No,25,Yes,No,Fiber optic,No,Yes,Yes,Yes,Yes,Yes,One year,No,Mailed check,98.97,2376.23,Yes
CUST-01760,Male,0,No,No,30,Yes,Yes,Fiber optic,No,Yes,No,No,Yes,No,One year,No,Credit card (automatic),83.89,2532.68,No
CUST-01761,Male,0,No,No,32,Yes,No,Fiber optic,Yes,Yes,Yes,No,No,No,Two year,Yes,Electronic check,84.91,2620.02,Yes
CUST-01762,Male,0,No,No,24,Yes,No,Fiber optic,No,Yes,No,No,Yes,Yes,One year,Yes,Electronic check,87.19,2151.41,Yes
CUST-01763,Male,0,Yes,Yes,26,Yes,No,No,No internet service,No internet service,No internet service,No internet service,No internet service,No internet service,Month-to-month,No,Electronic check,25.0,687.17,No
CUST-01764,Male,0,Yes,No,52,Yes,No,DSL,No,Yes,No,No,No,No,Month-to-month,No,Electronic check,49.42,2449.58,Yes
CUST-01765,Male,0,Yes,No,33,Yes,No,Fiber optic,No,No,No,No,No,No,Month-to-month,No,Credit card (automatic),72.45,2418.07,Yes
CUST-01766,Female,0,Yes,Yes,13,No,No phone service,No,No internet service,No internet service,No internet service,No internet service,No internet service,No internet service,Month-to-month,Yes,Electronic check,20.0,263.9,No
CUST-01767,Male,0,No,Yes,14,Yes,Yes,No,No internet service,No internet service,No internet service,No internet service,No internet service,No internet service,One year,No,Bank transfer (automatic),25.0,360.89,No
CUST-01768,Female,0,Yes,Yes,41,Yes,Yes,DSL,No,No,Yes,No,Yes,Yes,Two year,No,Mailed check,62.3,2669.05,No
CUST-01769,Female,0,Yes,No,32,Yes,No,Fiber optic,Yes,No,Yes,No,No,Yes,One year,Yes,Electronic check,93.13,3029.71,No
CUST-01770,Female,0,Yes,Yes,12,No,No phone service,Fiber optic,Yes,No,Yes,Yes,Yes,No,One year,Yes,Bank transfer (automatic),91.94,1116.96,No
CUST-01771,Female,0,No,No,23,Yes,No,Fiber optic,Yes,No,No,No,No,Yes,Month-to-month,No,Electronic check,79.43,1814.39,No
CUST-01772,Female,1,No,No,34,Yes,No,Fiber optic,Yes,No,No,No,No,No,Two year,No,Bank transfer (automatic),73.16,2612.47,No
CUST-01773,Male,0,Yes,Yes,37,Yes,No,Fiber optic,No,No,No,No,No,No,Month-to-month,Yes,Electronic check,72.66,2788.79,Yes
CUST-01774,Male,1,No,No,40,Yes,No,Fiber optic,Yes,No,No,Yes,No,Yes,Month-to-month,Yes,Bank transfer (automatic),82.91,3408.14,Yes
CUST-01775,Male,1,Yes,Yes,50,Yes,Yes,Fiber optic,No,No,Yes,Yes,No,No,Month-to-month,No,Credit card (automatic),81.87,4059.15,No
CUST-01776,Female,0,Yes,No,41,Yes,No,Fiber optic,No,Yes,Yes,No,No,No,One year,Yes,Mailed check,85.37,3590.43,No
CUST-01777,Male,0,No,Yes,22,Yes,Yes,No,No internet service,No internet service,No internet service,No internet service,No internet service,No internet service,Month-to-month,Yes,Electronic check,25.0,549.03,Yes
CUST-01778,Female,0,No,No,19,No,No phone service,Fiber optic,No,Yes,Yes,Yes,Yes,Yes,Month-to-month,Yes,Credit card (automatic),101.84,1867.69,Yes
CUST-01779,Male,0,Yes,No,15,Yes,No,Fiber optic,No,No,No,Yes,No,Yes,Month-to-month,Yes,Mailed check,86.62,1259.34,No
CUST-01780,Female,0,No,No,15,Yes,Yes,DSL,Yes,Yes,Yes,Yes,No,Yes,Month-to-month,Yes,Credit card (automatic),75.58,1106.18,Yes
CUST-01781,Male,0,Yes,No,52,Yes,No,Fiber optic,Yes,Yes,No,No,No,No,Month-to-month,No,Electronic check,83.3,4148.86,No
CUST-01782,Female,0,No,No,27,No,No phone service,Fiber optic,Yes,No,No,Yes,Yes,Yes,Month-to-month,Yes,Bank transfer (automatic),89.41,2535.17,No
CUST-01783,Female,0,Yes,No,20,Yes,Yes,DSL,No,No,Yes,No,No,Yes,One year,Yes,Electronic check,57.02,1199.3,Yes
CUST-01784,Male,0,Yes,No,14,Yes,Yes,Fiber optic,No,No,No,No,Yes,No,Month-to-month,Yes,Bank transfer (automatic),78.0,1163.23,Yes
CUST-01785,Male,1,Yes,No,32,Yes,No,Fiber optic,No,Yes,Yes,No,No,No,One year,No,Electronic check,79.62,2446.29,No
CUST-01786,Female,0,No,Yes,20,Yes,Yes,Fiber optic,No,Yes,No,No,No,Yes,One year,No,Credit card (automatic),76.57,1532.35,No
CUST-01787,Female,0,Yes,No,21,Yes,Yes,DSL,No,No,No,Yes,Yes,Yes,Month-to-month,Yes,Electronic check,68.03,1504.52,No
CUST-01788,Male,0,No,No,12,Yes,Yes,No,No internet service,No internet service,No internet service,No internet service,No internet service,No internet service,One year,No,Credit card (automatic),25.0,324.28,No
CUST-01789,Male,0,No,No,24,Yes,Yes,DSL,No,No,No,Yes,Yes,No,Two year,Yes,Bank transfer (automatic),58.58,1454.56,No
CUST-01790,Female,1,Yes,Yes,54,Yes,Yes,Fiber optic,Yes,No,No,No,No,No,Two year,Yes,Credit card (automatic),80.49,4221.65,No
CUST-01791,Male,0,No,Yes,58,Yes,No,DSL,No,Yes,No,No,No,No,Month-to-month,Yes,Electronic check,49.4,2890.84,Yes
CUST-01792,Male,0,Yes,No,20,Yes,No,No,No internet service,No internet service,No internet service,No internet service,No internet service,No internet service,Month-to-month,Yes,Electronic check,25.0,502.62,Yes
CUST-01793,Female,1,No,No,12,Yes,No,DSL,No,No,No,Yes,Yes,No,Month-to-month,Yes,Mailed check,55.19,639.07,No
CUST-01794,Male,0,Yes,No,49,Yes,Yes,DSL,No,Yes,No,No,No,No,Month-to-month,Yes,Mailed check,50.11,2564.33,Yes
CUST-01795,Female,0,No,No,7,Yes,No,DSL,No,Yes,No,Yes,No,Yes,One year,Yes,Mailed check,67.16,469.23,No
CUST-01796,Female,0,Yes,No,48,Yes,No,Fiber optic,No,No,No,Yes,Yes,Yes,Month-to-month,Yes,Credit card (automatic),84.72,4209.87,No
CUST-01797,Female,0,Yes,No,60,Yes,No,No,No internet service,No internet service,No internet service,No internet service,No internet service,No internet service,One year,No,Bank transfer (automatic),25.0,1461.18,No
CUST-01798,Female,0,Yes,No,20,Yes,Yes,Fiber optic,No,Yes,No,No,Yes,Yes,Two year,Yes,Mailed check,86.71,1733.9,No
CUST-01799,Female,1,No,Yes,41,Yes,No,DSL,Yes,Yes,Yes,No,Yes,No,Month-to-month,Yes,Mailed check,66.91,2782.26,Yes
CUST-01800,Male,0,No,No,49,No,No phone service,No,No internet service,No internet service,No internet service,No internet service,No internet service,No internet service,Month-to-month,Yes,Mailed check,20.0,972.42,No
CUST-01801,Female,0,No,No,16,Yes,Yes,Fiber optic,Yes,No,No,No,Yes,No,Month-to-month,Yes,Mailed check,76.57,1280.36,Yes
CUST-01802,Female,1,No,No,52,Yes,No,DSL,Yes,No,No,Yes,No,No,Month-to-month,No,Electronic check,52.4,2621.21,Yes
CUST-01803,Male,0,No,No,26,Yes,No,DSL,No,No,No,No,Yes,No,One year,Yes,Electronic check,48.92,1341.26,No
CUST-01804,Male,1,Yes,No,22,Yes,Yes,No,No internet service,No internet service,No internet service,No internet service,No internet service,No internet service,Two year,Yes,Electronic check,25.0,552.88,No
CUST-01805,Female,0,Yes,No,25,Yes,Yes,No,No internet service,No internet service,No internet service,No internet service,No internet service,No internet service,Month-to-month,Yes,Bank transfer (automatic),25.0,644.2,No
CUST-01806,Male,0,No,Yes,16,Yes,No,Fiber optic,Yes,No,Yes,No,No,Yes,Two year,Yes,Bank transfer (automatic),86.01,1359.51,No
CUST-01807,Female,0,Yes,Yes,12,Yes,No,Fiber optic,No,No,No,No,No,No,One year,Yes,Bank transfer (automatic),69.37,841.69,Yes
CUST-01808,Female,0,No,No,39,Yes,No,Fiber optic,No,No,Yes,Yes,No,No,One year,No,Credit card (automatic),82.21,3356.16,Yes
CUST-01809,Male,0,No,No,2,Yes,Yes,Fiber optic,No,No,No,No,No,Yes,Month-to-month,Yes,Electronic check,82.18,174.41,Yes
CUST-01810,Male,0,Yes,No,6,Yes,No,DSL,Yes,Yes,No,Yes,No,No,Two year,Yes,Bank transfer (automatic),69.04,424.98,No
CUST-01811,Female,0,Yes,No,49,Yes,No,Fiber optic,No,Yes,Yes,Yes,No,No,Month-to-month,No,Credit card (automatic),88.57,4408.7,No
CUST-01812,Female,0,No,No,46,Yes,Yes,DSL,No,No,No,Yes,Yes,No,One year,Yes,Electronic check,60.27,2802.12,Yes
CUST-01813,Male,0,No,No,41,Yes,Yes,No,No internet service,No internet service,No internet service,No internet service,No internet service,No internet service,One year,Yes,Electronic check,25.0,1005.51,Yes
CUST-01814,Female,0,No,No,41,Yes,No,DSL,No,No,No,No,No,No,Month-to-month,Yes,Mailed check,43.03,1699.25,Yes
CUST-01815,Female,0,Yes,No,32,Yes,No,Fiber optic,No,Yes,No,No,No,No,Two year,No,Mailed check,78.67,2515.01,No
CUST-01816,Female,0,No,No,6,Yes,No,No,No internet service,No internet service,No internet service,No internet service,No internet service,No internet service,Month-to-month,Yes,Bank transfer (automatic),25.0,164.46,No
CUST-01817,Female,0,Yes,No,41,Yes,No,DSL,Yes,No,No,Yes,No,Yes,Two year,Yes,Credit card (automatic),61.72,2516.28,No
CUST-01818,Female,0,Yes,No,55,No,No phone service,DSL,Yes,Yes,Yes,No,Yes,Yes,Month-to-month,Yes,Mailed check,67.04,3844.28,No
CUST-01819,Male,1,No,No,13,Yes,No,Fiber optic,Yes,No,Yes,Yes,Yes,No,Month-to-month,No,Bank transfer (automatic),92.32,1252.97,Yes
CUST-01820,Male,0,No,No,29,Yes,Yes,DSL,No,No,Yes,Yes,No,No,One year,No,Credit card (automatic),56.0,1668.42,No
CUST-01821,Male,0,No,No,33,No,No phone service,Fiber optic,No,Yes,Yes,Yes,Yes,No,Month-to-month,No,Bank transfer (automatic),88.14,2964.61,No
CUST-01822,Female,0,Yes,No,50,Yes,No,Fiber optic,Yes,No,Yes,No,Yes,No,One year,No,Bank transfer (automatic),87.77,4305.6,No
CUST-01823,Female,1,No,No,20,Yes,No,Fiber optic,No,No,No,Yes,Yes,Yes,Month-to-month,Yes,Credit card (automatic),92.71,1879.6,No
CUST-01824,Female,1,Yes,No,50,Yes,Yes,Fiber optic,No,No,No,No,No,No,One year,Yes,Credit card (automatic),74.76,3809.68,Yes
CUST-01825,Female,1,Yes,Yes,42,Yes,No,DSL,Yes,No,No,No,Yes,No,Month-to-month,Yes,Bank transfer (automatic),57.81,2345.75,No
CUST-01826,Female,0,Yes,No,33,Yes,No,DSL,No,No,No,No,No,No,Month-to-month,Yes,Bank transfer (automatic),42.23,1373.43,No
CUST-01827,Male,1,Yes,No,9,No,No phone service,Fiber optic,No,No,Yes,No,No,No,Two year,Yes,Electronic check,67.86,644.62,Yes
CUST-01828,Female,0,No,No,16,No,No phone service,Fiber optic,No,No,Yes,Yes,No,Yes,One year,Yes,Bank transfer (automatic),78.12,1249.23,No
CUST-01829,Male,0,Yes,No,47,Yes,No,Fiber optic,No,No,No,No,No,Yes,Two year,Yes,Electronic check,77.4,3656.92,No
CUST-01830,Male,0,No,No,43,Yes,Yes,No,No internet service,No internet service,No internet service,No internet service,No internet service,No internet service,Month-to-month,Yes,Electronic check,25.0,1092.47,Yes
CUST-01831,Female,0,No,No,43,Yes,Yes,Fiber optic,No,No,No,No,No,Yes,Two year,Yes,Electronic check,75.06,3193.53,No
CUST-01832,Male,0,Yes,Yes,32,Yes,No,No,No internet service,No internet service,No internet service,No internet service,No internet service,No internet service,Month-to-month,No,Credit card (automatic),25.0,784.38,No
CUST-01833,Female,0,Yes,No,19,Yes,No,Fiber optic,No,No,Yes,No,No,No,Two year,Yes,Credit card (automatic),73.15,1402.05,Yes
CUST-01834,Male,0,Yes,No,28,No,No phone service,Fiber optic,Yes,Yes,No,No,Yes,No,Month-to-month,Yes,Electronic check,77.22,2157.59,Yes
CUST-01835,Male,0,No,No,1,Yes,No,No,No internet service,No internet service,No internet service,No internet service,No internet service,No internet service,Month-to-month,No,Electronic check,25.0,28.86,No
CUST-01836,Female,0,Yes,No,16,Yes,No,DSL,No,Yes,No,No,No,Yes,One year,No,Credit card (automatic),51.94,818.71,No
CUST-01837,Female,0,Yes,No,8,Yes,No,DSL,No,No,No,Yes,Yes,No,Two year,No,Mailed check,51.05,440.48,No
CUST-01838,Female,0,No,No,18,Yes,Yes,No,No internet service,No internet service,No internet service,No internet service,No internet service,No internet service,Month-to-month,No,Mailed check,25.0,457.85,Yes
CUST-01839,Male,0,No,No,29,Yes,No,Fiber optic,Yes,No,Yes,No,Yes,No,Two year,Yes,Electronic check,83.36,2450.4,No
CUST-01840,Male,0,No,No,14,Yes,No,No,No internet service,No internet service,No internet service,No internet service,No internet service,No internet service,Month-to-month,No,Electronic check,25.0,370.35,No
CUST-01841,Male,0,No,No,13,No,No phone service,No,No internet service,No internet service,No internet service,No internet service,No internet service,No internet service,Two year,Yes,Electronic check,20.0,266.71,No
CUST-01842,Female,0,No,No,32,Yes,Yes,Fiber optic,Yes,No,No,No,Yes,No,One year,Yes,Electronic check,77.01,2493.52,No
CUST-01843,Male,0,Yes,Yes,53,Yes,No,Fiber optic,Yes,Yes,Yes,Yes,No,Yes,Two year,Yes,Electronic check,99.09,5147.63,No
CUST-01844,Female,0,No,No,19,Yes,No,DSL,No,Yes,Yes,Yes,Yes,Yes,Month-to-month,No,Bank transfer (automatic),74.34,1468.51,No
CUST-01845,Male,0,Yes,No,16,Yes,No,Fiber optic,Yes,No,No,No,Yes,Yes,Two year,Yes,Electronic check,83.65,1300.33,Yes
CUST-01846,Female,0,Yes,Yes,28,Yes,No,DSL,No,No,Yes,Yes,Yes,No,Two year,Yes,Electronic check,60.33,1750.53,No
CUST-01847,Female,0,Yes,No,17,Yes,No,Fiber optic,No,No,Yes,No,No,No,Month-to-month,No,Bank transfer (automatic),77.06,1323.35,Yes
CUST-01848,Male,1,No,No,29,Yes,No,Fiber optic,No,Yes,Yes,Yes,No,No,Month-to-month,Yes,Electronic check,88.32,2506.95,No
CUST-01849,Male,0,No,No,19,Yes,No,Fiber optic,Yes,Yes,No,No,Yes,Yes,Month-to-month,Yes,Credit card (automatic),97.15,1798.09,No
CUST-01850,Male,0,No,Yes,11,Yes,No,DSL,Yes,Yes,No,Yes,No,Yes,Month-to-month,No,Electronic check,69.66,770.92,No
CUST-01851,Female,1,No,No,42,Yes,Yes,DSL,Yes,No,No,No,No,No,One year,Yes,Bank transfer (automatic),51.7,2237.28,Yes
CUST-01852,Male,0,Yes,No,25,Yes,Yes,DSL,No,No,Yes,Yes,No,No,Month-to-month,Yes,Electronic check,57.37,1521.26,Yes
CUST-01853,Male,0,No,No,16,Yes,No,Fiber optic,No,No,Yes,No,Yes,Yes,Month-to-month,Yes,Bank transfer (automatic),82.75,1294.68,Yes
CUST-01854,Female,0,No,No,39,Yes,Yes,No,No internet service,No internet service,No internet service,No internet service,No internet service,No internet service,Month-to-month,Yes,Electronic check,25.0,996.82,Yes
CUST-01855,Female,0,No,No,41,Yes,Yes,DSL,No,No,No,No,No,No,Month-to-month,Yes,Mailed check,45.36,1870.29,Yes
CUST-01856,Male,0,No,No,26,Yes,No,DSL,No,Yes,Yes,No,Yes,No,Month-to-month,Yes,Bank transfer (automatic),67.56,1707.95,Yes
CUST-01857,Female,0,Yes,No,55,Yes,No,No,No internet service,No internet service,No internet service,No internet service,No internet service,No internet service,Month-to-month,Yes,Credit card (automatic),25.0,1416.09,No
CUST-01858,Male,0,No,No,45,Yes,No,No,No internet service,No internet service,No internet service,No internet service,No internet service,No internet service,One year,No,Mailed check,25.0,1134.07,No
CUST-01859,Female,0,No,No,36,Yes,Yes,Fiber optic,Yes,No,No,No,No,No,One year,No,Bank transfer (automatic),78.38,2698.61,No
CUST-01860,Male,0,No,No,55,No,No phone service,Fiber optic,No,No,No,Yes,No,Yes,One year,Yes,Mailed check,73.15,4070.64,No
CUST-01861,Female,1,Yes,Yes,41,No,No phone service,Fiber optic,No,No,No,No,No,No,Month-to-month,Yes,Credit card (automatic),69.47,2846.17,Yes
CUST-01862,Male,0,Yes,No,34,Yes,Yes,DSL,Yes,No,No,No,No,No,One year,Yes,Credit card (automatic),53.73,1850.74,No
CUST-01863,Male,0,Yes,No,20,Yes,No,DSL,Yes,Yes,Yes,No,Yes,Yes,Month-to-month,Yes,Electronic check,77.18,1523.25,No
CUST-01864,Male,0,Yes,No,23,Yes,Yes,Fiber optic,Yes,No,No,Yes,Yes,No,Month-to-month,No,Bank transfer (automatic),84.33,1897.02,Yes
CUST-01865,Male,0,Yes,No,27,Yes,Yes,DSL,Yes,No,No,No,No,No,Month-to-month,Yes,Bank transfer (automatic),51.2,1456.98,No
CUST-01866,Male,0,Yes,No,0,No,No phone service,DSL,No,No,Yes,Yes,Yes,Yes,Month-to-month,Yes,Electronic check,62.66,0.42,Yes
CUST-01867,Male,0,No,No,9,Yes,No,No,No internet service,No internet service,No internet service,No internet service,No internet service,No internet service,Two year,No,Electronic check,25.0,252.35,No
CUST-01868,Female,0,No,No,18,Yes,Yes,No,No internet service,No internet service,No internet service,No internet service,No internet service,No internet service,Month-to-month,Yes,Mailed check,25.0,477.1,No
CUST-01869,Male,0,No,Yes,34,Yes,No,DSL,Yes,No,Yes,No,No,No,Two year,No,Bank transfer (automatic),57.57,1953.86,No
CUST-01870,Male,0,Yes,No,19,Yes,Yes,No,No internet service,No internet service,No internet service,No internet service,No internet service,No internet service,Month-to-month,No,Mailed check,25.0,464.38,No
CUST-01871,Female,0,Yes,No,32,Yes,Yes,Fiber optic,No,Yes,No,Yes,Yes,No,Two year,No,Mailed check,87.93,2878.25,No
CUST-01872,Female,1,Yes,No,33,Yes,No,Fiber optic,No,No,No,No,No,No,Month-to-month,No,Bank transfer (automatic),71.61,2395.92,Yes
CUST-01873,Female,0,No,No,3,Yes,No,No,No internet service,No internet service,No internet service,No internet service,No internet service,No internet service,One year,Yes,Electronic check,25.0,92.32,Yes
CUST-01874,Male,1,Yes,No,18,Yes,No,DSL,No,No,Yes,Yes,No,Yes,One year,Yes,Bank transfer (automatic),62.98,1208.25,No
CUST-01875,Male,0,No,No,14,Yes,No,Fiber optic,Yes,Yes,Yes,No,No,No,Two year,No,Bank transfer (automatic),92.38,1367.94,Yes
CUST-01876,Female,1,Yes,Yes,53,Yes,No,Fiber optic,No,No,No,Yes,No,Yes,Month-to-month,Yes,Credit card (automatic),80.23,4065.11,Yes
CUST-01877,Female,0,Yes,No,22,Yes,No,Fiber optic,No,Yes,Yes,No,No,Yes,Month-to-month,Yes,Credit card (automatic),84.04,1904.93,Yes
CUST-01878,Male,0,No,No,44,No,No phone service,Fiber optic,No,Yes,Yes,Yes,Yes,No,One year,Yes,Electronic check,91.88,4177.01,No
CUST-01879,Male,0,Yes,Yes,56,Yes,No,Fiber optic,No,Yes,No,No,No,No,Month-to-month,Yes,Credit card (automatic),74.81,4086.03,No
CUST-01880,Female,0,Yes,No,38,Yes,Yes,DSL,Yes,Yes,No,Yes,No,Yes,Two year,No,Bank transfer (automatic),66.8,2563.85,No
CUST-01881,Female,0,No,Yes,19,Yes,No,DSL,Yes,Yes,No,Yes,No,Yes,Month-to-month,Yes,Mailed check,70.71,1320.55,No
CUST-01882,Male,0,No,No,39,Yes,Yes,DSL,No,Yes,No,Yes,Yes,Yes,Two year,Yes,Credit card (automatic),69.85,2703.53,No
CUST-01883,Male,0,No,No,26,Yes,Yes,Fiber optic,No,No,No,No,Yes,No,Month-to-month,Yes,Bank transfer (automatic),74.85,1897.64,Yes
CUST-01884,Male,0,Yes,Yes,16,Yes,No,No,No internet service,No internet service,No internet service,No internet service,No internet service,No internet service,Month-to-month,Yes,Bank transfer (automatic),25.0,400.42,Yes
CUST-01885,Male,0,No,No,23,Yes,No,DSL,No,No,No,No,Yes,No,One year,Yes,Mailed check,49.92,1190.75,Yes
CUST-01886,Female,0,No,No,37,Yes,Yes,Fiber optic,Yes,Yes,Yes,Yes,No,No,One year,No,Bank transfer (automatic),89.99,3261.23,No
CUST-01887,Male,0,Yes,Yes,32,Yes,No,No,No internet service,No internet service,No internet service,No internet service,No internet service,No internet service,Two year,Yes,Credit card (automatic),25.0,770.17,Yes
CUST-01888,Female,0,No,No,43,Yes,No,No,No internet service,No internet service,No internet service,No internet service,No internet service,No internet service,Month-to-month,Yes,Electronic check,25.0,1087.61,No
CUST-01889,Male,0,Yes,No,35,Yes,No,Fiber optic,No,No,Yes,No,No,Yes,Month-to-month,Yes,Credit card (automatic),82.6,2806.16,No
CUST-01890,Female,0,No,Yes,53,Yes,Yes,Fiber optic,Yes,No,No,Yes,Yes,Yes,Month-to-month,Yes,Electronic check,98.7,5357.58,No
CUST-01891,Female,0,No,No,3,Yes,Yes,Fiber optic,No,Yes,Yes,Yes,Yes,No,Month-to-month,No,Bank transfer (automatic),93.21,310.33,Yes
CUST-01892,Male,0,No,No,17,Yes,Yes,Fiber optic,Yes,No,Yes,Yes,No,Yes,Month-to-month,No,Electronic check,97.84,1761.26,Yes
CUST-01893,Female,0,Yes,No,29,Yes,No,Fiber optic,No,No,No,No,No,No,Two year,No,Credit card (automatic),67.79,1956.64,No
CUST-01894,Male,1,Yes,No,38,No,No phone service,DSL,No,No,Yes,Yes,No,No,Month-to-month,No,Bank transfer (automatic),47.56,1768.81,No
CUST-01895,Female,0,Yes,No,42,Yes,Yes,No,No internet service,No internet service,No internet service,No internet service,No internet service,No internet service,Two year,Yes,Bank transfer (automatic),25.0,1034.7,No
CUST-01896,Female,0,Yes,No,68,Yes,No,Fiber optic,No,Yes,No,No,No,Yes,Month-to-month,Yes,Bank transfer (automatic),80.67,5406.28,No
CUST-01897,Female,0,Yes,No,31,Yes,No,Fiber optic,No,Yes,Yes,No,No,Yes,Month-to-month,Yes,Electronic check,87.49,2659.32,Yes
CUST-01898,Female,1,Yes,Yes,44,Yes,Yes,Fiber optic,No,Yes,No,No,No,Yes,One year,No,Credit card (automatic),81.79,3767.88,No
CUST-01899,Male,0,No,No,37,Yes,Yes,Fiber optic,Yes,No,Yes,No,Yes,No,One year,Yes,Electronic check,89.53,3192.09,No
CUST-01900,Female,0,Yes,Yes,5,Yes,Yes,Fiber optic,No,No,No,No,No,No,One year,Yes,Credit card (automatic),73.08,377.8,No
CUST-01901,Female,0,No,No,7,Yes,No,DSL,Yes,No,No,Yes,No,No,Two year,No,Bank transfer (automatic),61.1,421.03,No
CUST-01902,Male,0,Yes,No,41,Yes,No,DSL,Yes,No,No,Yes,No,Yes,Month-to-month,No,Mailed check,62.71,2591.22,Yes
CUST-01903,Male,0,No,No,35,Yes,No,Fiber optic,No,Yes,No,No,No,No,One year,No,Mailed check,77.34,2623.93,No
CUST-01904,Female,0,No,No,36,Yes,Yes,Fiber optic,No,No,No,No,No,No,One year,Yes,Bank transfer (automatic),70.53,2462.53,Yes
CUST-01905,Male,1,No,No,65,Yes,No,Fiber optic,No,Yes,Yes,Yes,Yes,No,Month-to-month,Yes,Electronic check,89.42,5546.13,Yes
CUST-01906,Female,0,Yes,Yes,46,Yes,Yes,DSL,No,No,No,Yes,No,No,Month-to-month,Yes,Electronic check,49.83,2307.94,Yes
CUST-01907,Male,0,No,No,48,Yes,No,No,No internet service,No internet service,No internet service,No internet service,No internet service,No internet service,Month-to-month,Yes,Bank transfer (automatic),25.0,1157.72,No
CUST-01908,Female,0,Yes,Yes,44,Yes,Yes,DSL,Yes,No,Yes,Yes,Yes,No,One year,Yes,Credit card (automatic),72.04,3283.19,No
CUST-01909,Female,0,No,No,13,Yes,Yes,No,No internet service,No internet service,No internet service,No internet service,No internet service,No internet service,Two year,No,Electronic check,25.0,329.95,No
CUST-01910,Female,0,No,No,26,Yes,No,No,No internet service,No internet service,No internet service,No internet service,No internet service,No internet service,Two year,Yes,Mailed check,25.0,666.49,No
CUST-01911,Female,0,No,No,12,Yes,No,DSL,No,No,No,Yes,Yes,No,Month-to-month,No,Credit card (automatic),59.37,692.77,No
CUST-01912,Male,0,No,No,42,Yes,No,DSL,Yes,No,No,No,No,No,Month-to-month,No,Credit card (automatic),49.73,2041.33,Yes
CUST-01913,Male,1,No,No,51,Yes,No,Fiber optic,No,Yes,Yes,No,No,Yes,Month-to-month,Yes,Mailed check,92.23,4559.48,Yes
CUST-01914,Female,0,No,No,56,Yes,No,DSL,Yes,Yes,Yes,No,Yes,No,Two year,No,Electronic check,69.81,3792.44,No
CUST-01915,Female,0,Yes,No,50,Yes,No,Fiber optic,No,No,No,Yes,Yes,No,Month-to-month,Yes,Electronic check,84.88,4140.47,Yes
CUST-01916,Female,0,Yes,No,30,Yes,No,Fiber optic,Yes,No,No,No,No,Yes,Month-to-month,No,Bank transfer (automatic),77.23,2238.41,Yes
CUST-01917,Female,0,Yes,Yes,31,Yes,No,DSL,Yes,Yes,No,No,No,No,One year,No,Electronic check,57.25,1806.96,No
CUST-01918,Female,0,Yes,Yes,52,Yes,No,DSL,Yes,No,No,No,Yes,Yes,One year,No,Electronic check,66.08,3421.52,No
CUST-01919,Female,0,No,No,29,Yes,No,Fiber optic,Yes,Yes,Yes,No,No,No,Two year,Yes,Credit card (automatic),94.45,2721.49,No
CUST-01920,Female,1,No,No,58,No,No phone service,Fiber optic,Yes,No,Yes,No,Yes,No,Two year,Yes,Credit card (automatic),85.85,5221.96,No
CUST-01921,Male,0,Yes,No,24,Yes,Yes,DSL,Yes,No,Yes,No,No,No,Month-to-month,No,Bank transfer (automatic),56.5,1299.55,No
CUST-01922,Female,0,No,No,38,Yes,Yes,Fiber optic,No,No,No,No,No,No,Month-to-month,Yes,Credit card (automatic),74.36,2939.56,No
CUST-01923,Female,1,No,No,34,Yes,Yes,Fiber optic,Yes,Yes,No,No,No,No,Month-to-month,Yes,Bank transfer (automatic),79.97,2732.29,No
CUST-01924,Male,0,No,Yes,12,Yes,Yes,No,No internet service,No internet service,No internet service,No internet service,No internet service,No internet service,Month-to-month,Yes,Electronic check,25.0,314.57,No
CUST-01925,Male,1,No,No,20,Yes,No,DSL,No,No,Yes,No,No,Yes,Month-to-month,No,Bank transfer (automatic),57.39,1143.3,No
CUST-01926,Male,0,Yes,No,8,Yes,No,Fiber optic,Yes,No,Yes,Yes,No,No,Two year,No,Mailed check,90.76,739.61,No
CUST-01927,Male,0,No,No,38,Yes,No,Fiber optic,Yes,No,No,No,No,No,One year,Yes,Credit card (automatic),75.37,2795.44,No
CUST-01928,Male,0,Yes,No,20,Yes,Yes,No,No internet service,No internet service,No internet service,No internet service,No internet service,No internet service,Month-to-month,Yes,Electronic check,25.0,492.95,No
CUST-01929,Female,0,Yes,No,41,No,No phone service,DSL,No,No,Yes,Yes,Yes,Yes,One year,No,Bank transfer (automatic),69.21,2990.23,No
CUST-01930,Female,0,No,No,51,Yes,No,No,No internet service,No internet service,No internet service,No internet service,No internet service,No internet service,Month-to-month,Yes,Electronic check,25.0,1311.88,No
CUST-01931,Male,0,No,No,27,Yes,Yes,DSL,No,No,No,No,Yes,No,Two year,No,Electronic check,52.18,1462.72,No
CUST-01932,Male,0,Yes,No,8,Yes,Yes,DSL,No,No,Yes,No,Yes,Yes,Month-to-month,No,Mailed check,60.71,493.28,No
CUST-01933,Male,0,Yes,No,62,Yes,Yes,No,No internet service,No internet service,No internet service,No internet service,No internet service,No internet service,Month-to-month,Yes,Electronic check,25.0,1523.11,Yes
CUST-01934,Male,0,No,No,49,Yes,No,DSL,No,No,No,Yes,No,Yes,Month-to-month,No,Electronic check,56.76,2709.77,Yes
CUST-01935,Female,0,No,No,11,Yes,Yes,DSL,No,No,Yes,Yes,Yes,Yes,Two year,Yes,Mailed check,70.31,805.47,No
CUST-01936,Female,0,Yes,No,14,Yes,Yes,DSL,No,No,Yes,No,Yes,No,Month-to-month,No,Bank transfer (automatic),57.56,810.47,No
CUST-01937,Male,1,Yes,No,5,Yes,No,No,No internet service,No internet service,No internet service,No internet service,No internet service,No internet service,One year,No,Bank transfer (automatic),25.0,139.13,Yes
CUST-01938,Male,0,No,Yes,22,No,No phone service,DSL,No,Yes,No,Yes,No,Yes,Month-to-month,No,Electronic check,63.61,1481.26,No
CUST-01939,Male,1,Yes,Yes,17,Yes,Yes,Fiber optic,No,Yes,No,Yes,No,No,Two year,Yes,Credit card (automatic),78.31,1384.89,No
CUST-01940,Male,0,Yes,Yes,25,Yes,No,DSL,Yes,Yes,No,No,Yes,Yes,Month-to-month,Yes,Mailed check,69.05,1734.4,Yes
CUST-01941,Female,0,No,Yes,16,Yes,No,Fiber optic,No,No,No,No,Yes,No,Month-to-month,Yes,Electronic check,71.02,1137.74,Yes
CUST-01942,Female,0,Yes,No,22,Yes,Yes,No,No internet service,No internet service,No internet service,No internet service,No internet service,No internet service,Month-to-month,Yes,Electronic check,25.0,539.87,Yes
CUST-01943,Female,1,Yes,No,45,Yes,Yes,DSL,No,Yes,No,Yes,No,Yes,Month-to-month,No,Bank transfer (automatic),65.95,2900.39,Yes
CUST-01944,Female,0,Yes,No,67,Yes,No,DSL,No,No,Yes,No,No,No,Two year,Yes,Electronic check,53.52,3550.03,No
CUST-01945,Male,1,No,No,39,Yes,No,Fiber optic,No,No,Yes,No,No,Yes,Month-to-month,Yes,Electronic check,83.77,3163.49,Yes
CUST-01946,Male,0,No,No,50,Yes,No,Fiber optic,No,No,No,No,No,No,Month-to-month,Yes,Credit card (automatic),71.91,3686.52,Yes
CUST-01947,Male,0,No,No,34,Yes,No,Fiber optic,No,Yes,Yes,Yes,Yes,Yes,Month-to-month,Yes,Credit card (automatic),102.07,3626.87,Yes
CUST-01948,Female,0,No,Yes,35,Yes,No,No,No internet service,No internet service,No internet service,No internet service,No internet service,No internet service,One year,Yes,Bank transfer (automatic),25.0,844.83,No
CUST-01949,Female,0,Yes,No,46,Yes,No,Fiber optic,No,No,No,No,No,No,Month-to-month,No,Electronic check,68.12,3284.4,No
CUST-01950,Female,0,No,No,10,No,No phone service,DSL,No,Yes,No,No,Yes,Yes,Month-to-month,Yes,Credit card (automatic),61.1,596.73,No
CUST-01951,Male,0,No,No,35,Yes,Yes,Fiber optic,No,Yes,Yes,Yes,No,No,Month-to-month,Yes,Credit card (automatic),89.89,3194.69,No
CUST-01952,Female,0,No,No,19,Yes,No,DSL,Yes,No,No,No,No,Yes,Month-to-month,Yes,Electronic check,57.03,1064.48,Yes
CUST-01953,Female,0,No,No,6,Yes,Yes,Fiber optic,Yes,No,No,Yes,No,Yes,One year,Yes,Credit card (automatic),93.01,563.58,No
CUST-01954,Female,0,Yes,Yes,1,Yes,No,Fiber optic,No,Yes,No,No,Yes,No,One year,Yes,Bank transfer (automatic),82.5,87.97,Yes
CUST-01955,Female,0,No,Yes,48,Yes,Yes,DSL,Yes,No,No,Yes,No,Yes,Month-to-month,Yes,Bank transfer (automatic),61.91,3095.57,No
CUST-01956,Female,0,No,No,17,Yes,Yes,Fiber optic,No,No,No,No,No,No,Month-to-month,No,Electronic check,65.81,1127.35,Yes
CUST-01957,Male,0,Yes,Yes,59,Yes,No,Fiber optic,No,No,No,No,No,No,Two year,Yes,Electronic check,68.89,4051.98,No
CUST-01958,Male,0,Yes,No,40,Yes,No,Fiber optic,No,No,Yes,No,Yes,No,Two year,No,Credit card (automatic),79.8,3058.92,No
CUST-01959,Female,0,No,No,27,Yes,No,No,No internet service,No internet service,No internet service,No internet service,No internet service,No internet service,Month-to-month,No,Bank transfer (automatic),25.0,714.38,No
CUST-01960,Female,0,Yes,No,33,Yes,No,No,No internet service,No internet service,No internet service,No internet service,No internet service,No internet service,Month-to-month,Yes,Bank transfer (automatic),25.0,832.58,No
CUST-01961,Male,1,Yes,No,6,Yes,No,Fiber optic,Yes,Yes,Yes,Yes,Yes,No,Month-to-month,Yes,Electronic check,103.56,638.34,Yes
CUST-01962,Male,0,Yes,No,21,Yes,Yes,Fiber optic,No,No,No,Yes,Yes,No,Month-to-month,Yes,Bank transfer (automatic),77.69,1662.38,No
CUST-01963,Female,0,Yes,No,17,Yes,Yes,Fiber optic,No,Yes,No,No,No,Yes,Month-to-month,No,Credit card (automatic),82.72,1375.12,Yes
CUST-01964,Female,0,No,No,5,Yes,No,No,No internet service,No internet service,No internet service,No internet service,No internet service,No internet service,Month-to-month,No,Bank transfer (automatic),25.0,134.5,Yes
CUST-01965,Male,0,No,No,44,Yes,No,Fiber optic,Yes,No,Yes,Yes,No,No,Two year,No,Bank transfer (automatic),89.37,4100.71,No
CUST-01966,Female,1,Yes,No,15,Yes,No,Fiber optic,No,No,No,No,No,Yes,Two year,No,Electronic check,71.47,1042.18,Yes
CUST-01967,Female,0,No,No,36,Yes,Yes,Fiber optic,Yes,Yes,No,Yes,No,Yes,One year,No,Bank transfer (automatic),93.85,3297.34,No
CUST-01968,Male,0,Yes,No,57,Yes,No,No,No internet service,No internet service,No internet service,No internet service,No internet service,No internet service,Month-to-month,Yes,Electronic check,25.0,1474.42,Yes
CUST-01969,Female,0,No,No,58,Yes,Yes,DSL,No,No,No,No,No,No,One year,Yes,Mailed check,43.29,2473.06,No
CUST-01970,Female,0,Yes,No,42,No,No phone service,Fiber optic,No,No,Yes,No,No,Yes,Month-to-month,No,Electronic check,76.92,3315.76,No
CUST-01971,Female,1,No,No,47,Yes,Yes,Fiber optic,No,Yes,No,No,No,No,Month-to-month,Yes,Credit card (automatic),75.43,3683.32,Yes
CUST-01972,Female,0,No,No,46,Yes,No,DSL,Yes,No,Yes,No,Yes,Yes,Month-to-month,No,Electronic check,71.63,3451.47,No
CUST-01973,Male,0,No,Yes,21,Yes,No,Fiber optic,Yes,No,No,Yes,No,Yes,Month-to-month,No,Mailed check,90.18,1958.83,Yes
CUST-01974,Male,0,No,No,14,Yes,No,DSL,No,Yes,Yes,No,Yes,Yes,Month-to-month,Yes,Mailed check,69.9,955.35,Yes
CUST-01975,Male,0,No,No,34,Yes,No,Fiber optic,Yes,No,Yes,No,Yes,No,Month-to-month,Yes,Electronic check,87.82,2936.27,Yes
CUST-01976,Male,0,No,No,35,Yes,No,DSL,Yes,No,No,Yes,No,No,Month-to-month,No,Electronic check,58.75,2018.31,Yes
CUST-01977,Female,1,No,No,18,Yes,Yes,Fiber optic,No,No,No,No,No,Yes,Month-to-month,No,Electronic check,76.33,1408.66,Yes
CUST-01978,Male,1,Yes,No,12,Yes,No,Fiber optic,No,No,No,No,Yes,Yes,Month-to-month,No,Electronic check,77.71,926.21,Yes
CUST-01979,Female,0,No,No,42,No,No phone service,Fiber optic,No,No,Yes,No,Yes,Yes,Two year,No,Bank transfer (automatic),87.17,3745.42,No
CUST-01980,Female,0,No,No,20,Yes,Yes,Fiber optic,No,Yes,Yes,No,Yes,No,One year,No,Electronic check,87.33,1694.01,Yes
CUST-01981,Female,0,No,No,40,Yes,No,DSL,No,No,No,Yes,No,Yes,Month-to-month,No,Credit card (automatic),56.02,2342.08,No
CUST-01982,Male,0,No,No,6,Yes,No,Fiber optic,Yes,No,No,Yes,Yes,No,Month-to-month,No,Credit card (automatic),91.31,538.68,Yes
CUST-01983,Male,1,Yes,No,26,Yes,No,Fiber optic,Yes,No,No,No,Yes,No,Month-to-month,No,Electronic check,87.9,2232.72,Yes
CUST-01984,Female,0,No,No,29,Yes,Yes,Fiber optic,No,No,Yes,Yes,Yes,No,One year,No,Electronic check,86.96,2623.61,Yes
CUST-01985,Female,0,No,No,27,Yes,Yes,DSL,No,No,No,No,No,No,Month-to-month,No,Electronic check,42.32,1098.35,Yes
CUST-01986,Female,0,No,Yes,23,Yes,No,DSL,Yes,No,Yes,Yes,No,Yes,Two year,No,Mailed check,65.82,1532.22,No
CUST-01987,Female,0,Yes,Yes,60,Yes,No,DSL,Yes,No,No,Yes,No,No,One year,No,Bank transfer (automatic),57.12,3510.42,No
CUST-01988,Male,0,Yes,No,9,Yes,No,Fiber optic,No,No,No,No,No,No,Month-to-month,Yes,Bank transfer (automatic),70.95,612.32,Yes
CUST-01989,Male,0,Yes,No,17,Yes,No,DSL,Yes,No,No,Yes,No,Yes,One year,Yes,Mailed check,65.13,1117.52,No
CUST-01990,Male,0,Yes,No,6,Yes,No,Fiber optic,No,No,No,Yes,No,Yes,Month-to-month,No,Electronic check,81.05,490.97,Yes
CUST-01991,Male,0,Yes,Yes,26,Yes,Yes,Fiber optic,No,No,Yes,No,No,No,One year,Yes,Bank transfer (automatic),79.56,2110.82,No
CUST-01992,Female,0,No,No,56,Yes,No,Fiber optic,No,Yes,Yes,No,No,No,Month-to-month,No,Electronic check,83.6,4597.8,Yes
CUST-01993,Male,0,No,No,10,Yes,No,Fiber optic,No,No,No,No,Yes,Yes,Month-to-month,No,Bank transfer (automatic),87.45,844.12,Yes
CUST-01994,Female,0,No,No,24,No,No phone service,Fiber optic,Yes,No,Yes,Yes,Yes,Yes,Two year,No,Bank transfer (automatic),94.43,2331.2,No
CUST-01995,Female,0,Yes,No,27,Yes,Yes,DSL,Yes,Yes,No,No,Yes,Yes,One year,Yes,Mailed check,72.29,1874.37,No
CUST-01996,Male,1,Yes,No,23,Yes,No,DSL,Yes,Yes,No,No,No,No,Month-to-month,Yes,Bank transfer (automatic),60.45,1407.11,Yes
CUST-01997,Male,1,Yes,Yes,54,Yes,Yes,No,No internet service,No internet service,No internet service,No internet service,No internet service,No internet service,Month-to-month,Yes,Bank transfer (automatic),25.0,1393.63,No
CUST-01998,Male,0,Yes,No,6,Yes,Yes,Fiber optic,No,No,Yes,Yes,No,Yes,Month-to-month,No,Credit card (automatic),89.71,552.95,Yes
CUST-01999,Female,0,No,No,10,Yes,No,DSL,Yes,No,No,No,Yes,No,Month-to-month,Yes,Electronic check,53.89,545.04,Yes
CUST-02000,Male,0,No,No,33,Yes,No,Fiber optic,Yes,No,No,Yes,Yes,Yes,One year,Yes,Bank transfer (automatic),95.05,3230.68,No
